{"nodes":[[1401014815,139.143508,35.688318],[1401014839,139.143176,35.688712],[1401014867,139.143018,35.688955],[1401014878,139.142962,35.689074],[1401014884,139.142845,35.689293],[1401014910,139.142472,35.689727],[1401014920,139.142369,35.689874],[1401014927,139.142327,35.689975],[1401014936,139.142196,35.690155],[1401014949,139.142072,35.69029],[1401014961,139.141906,35.69042],[1401014973,139.141554,35.690634],[1401014997,139.140974,35.690989],[1401015011,139.140856,35.691101],[1401015059,139.140373,35.691501],[1401015068,139.140242,35.69158],[1401015076,139.140125,35.691631],[1401015081,139.140049,35.691653],[1401015091,139.139938,35.691704],[1401015118,139.139628,35.691856],[1401015119,139.139579,35.691868],[1401015130,139.139455,35.691929],[1401015157,139.139186,35.69207],[1401015178,139.139041,35.692171],[1401015181,139.138944,35.692256],[1401015193,139.138813,35.692391],[1401015204,139.138772,35.69243]],"edges":[[1401014815,1401014839],[1401014839,1401014867],[1401014867,1401014878],[1401014878,1401014884],[1401014884,1401014910],[1401014910,1401014920],[1401014920,1401014927],[1401014927,1401014936],[1401014936,1401014949],[1401014949,1401014961],[1401014961,1401014973],[1401014973,1401014997],[1401014997,1401015011],[1401015011,1401015059],[1401015059,1401015068],[1401015068,1401015076],[1401015076,1401015081],[1401015081,1401015091],[1401015091,1401015118],[1401015118,1401015119],[1401015119,1401015130],[1401015130,1401015157],[1401015157,1401015178],[1401015178,1401015181],[1401015181,1401015193],[1401015193,1401015204]]}