{"nodes":[[314941362,139.133691,35.701697],[314941364,139.133818,35.701797],[9611003152,139.133883,35.701829],[9611003151,139.133966,35.701855],[9611003150,139.134122,35.70188],[314941366,139.13442,35.701903],[314941367,139.135027,35.701917],[314941368,139.135492,35.701884],[314941369,139.135594,35.701875],[9611003149,139.13568,35.701875],[314941370,139.135758,35.70189],[314941371,139.135816,35.701917],[314941372,139.135868,35.701955],[314941373,139.135895,35.702],[314941374,139.135899,35.702045],[314941375,139.13589,35.702095],[12009856642,139.135861,35.702158],[314941376,139.135815,35.702224],[314941377,139.13559,35.702527],[9611003142,139.138123,35.70239],[12009856637,139.138217,35.702292],[12009856636,139.138327,35.702163],[314941394,139.138418,35.702045],[314941395,139.138643,35.701782],[12009856635,139.138734,35.701694],[9611003140,139.138824,35.701633],[314941396,139.138895,35.701601],[9611003141,139.138984,35.70157],[314941397,139.139083,35.701558],[314941398,139.139172,35.701561],[9611003139,139.139286,35.701579],[314941399,139.139365,35.701601],[12009856634,139.139459,35.70164],[314941400,139.139559,35.701697],[314941401,139.139731,35.70181],[1401016368,139.140347,35.702221],[314941403,139.1405,35.702316],[9611003138,139.140595,35.702363],[314941404,139.140716,35.702415],[314941405,139.140845,35.702462],[12009856633,139.140962,35.702501],[314941406,139.141124,35.702542]],"edges":[[314941362,314941364],[314941364,9611003152],[9611003152,9611003151],[9611003151,9611003150],[9611003150,314941366],[314941366,314941367],[314941367,314941368],[314941368,314941369],[314941369,9611003149],[9611003149,314941370],[314941370,314941371],[314941371,314941372],[314941372,314941373],[314941373,314941374],[314941374,314941375],[314941375,12009856642],[12009856642,314941376],[314941376,314941377],[9611003142,12009856637],[12009856637,12009856636],[12009856636,314941394],[314941394,314941395],[314941395,12009856635],[12009856635,9611003140],[9611003140,314941396],[314941396,9611003141],[9611003141,314941397],[314941397,314941398],[314941398,9611003139],[9611003139,314941399],[314941399,12009856634],[12009856634,314941400],[314941400,314941401],[314941401,1401016368],[1401016368,314941403],[314941403,9611003138],[9611003138,314941404],[314941404,314941405],[314941405,12009856633],[12009856633,314941406]]}