{"nodes":[[314941377,139.13559,35.702527],[12009856641,139.135446,35.702686],[9611003148,139.1354,35.702766],[9611003147,139.135374,35.702846],[314941378,139.135371,35.702916],[9611003146,139.135376,35.702984],[12009856640,139.135405,35.703059],[314941379,139.135452,35.703122],[314941382,139.135521,35.703176],[9611003145,139.135611,35.703212],[12009856639,139.135718,35.703229],[314941383,139.135849,35.703231],[314941384,139.136015,35.703228],[314941385,139.136878,35.703215],[9611003144,139.137016,35.703206],[314941386,139.137123,35.703185],[12009856638,139.137198,35.703158],[9611003143,139.137267,35.703123],[314941388,139.137325,35.703078],[314941390,139.137415,35.703016],[314941391,139.137549,35.702914],[314941393,139.137959,35.702535],[9611003142,139.138123,35.70239],[314941406,139.141124,35.702542],[314941407,139.141432,35.702602],[10016032926,139.141561,35.702625],[3804562878,139.141632,35.702644],[9611003136,139.141704,35.702674],[9611003137,139.141777,35.702716],[314941410,139.141837,35.702775],[314941411,139.141894,35.702857],[314941412,139.141997,35.70301],[314941413,139.14211,35.703164],[314941414,139.142212,35.703271],[314941415,139.14253,35.703544],[314941417,139.142623,35.703621],[314941418,139.142708,35.703707],[314941419,139.142799,35.703814],[314941420,139.142974,35.704028],[314941421,139.143045,35.704116],[314941422,139.143098,35.704165],[314941423,139.143148,35.704195],[9611003135,139.143251,35.704255],[314941424,139.143299,35.704297],[12009856632,139.143336,35.704339],[314941425,139.143391,35.704449],[314941426,139.143472,35.704599],[314941427,139.143521,35.704685],[314941428,139.143563,35.704738],[9611003134,139.143639,35.704789]],"edges":[[314941377,12009856641],[12009856641,9611003148],[9611003148,9611003147],[9611003147,314941378],[314941378,9611003146],[9611003146,12009856640],[12009856640,314941379],[314941379,314941382],[314941382,9611003145],[9611003145,12009856639],[12009856639,314941383],[314941383,314941384],[314941384,314941385],[314941385,9611003144],[9611003144,314941386],[314941386,12009856638],[12009856638,9611003143],[9611003143,314941388],[314941388,314941390],[314941390,314941391],[314941391,314941393],[314941393,9611003142],[314941406,314941407],[314941407,10016032926],[10016032926,3804562878],[3804562878,9611003136],[9611003136,9611003137],[9611003137,314941410],[314941410,314941411],[314941411,314941412],[314941412,314941413],[314941413,314941414],[314941414,314941415],[314941415,314941417],[314941417,314941418],[314941418,314941419],[314941419,314941420],[314941420,314941421],[314941421,314941422],[314941422,314941423],[314941423,9611003135],[9611003135,314941424],[314941424,12009856632],[12009856632,314941425],[314941425,314941426],[314941426,314941427],[314941427,314941428],[314941428,9611003134]]}