{"nodes":[[5783646192,139.143517,35.736052],[5783646191,139.143485,35.736091],[5783646190,139.143458,35.736108],[5783646189,139.143423,35.736115],[5783646188,139.143391,35.736107],[5783646187,139.143344,35.736078],[5783646186,139.143384,35.735922],[5783646185,139.143428,35.735762],[5783646184,139.143621,35.735056],[5783646183,139.143687,35.734843],[1401025181,139.143569,35.73886],[9741587633,139.143564,35.738773],[9741587632,139.143487,35.738248],[314935611,139.143482,35.738154],[2422810772,139.143481,35.738081],[5783646156,139.143484,35.738014],[9741587631,139.143497,35.737935],[314935612,139.143521,35.737869],[8405441518,139.143565,35.737764],[314935613,139.143629,35.737641]],"edges":[[5783646192,5783646191],[5783646191,5783646190],[5783646190,5783646189],[5783646189,5783646188],[5783646188,5783646187],[5783646187,5783646186],[5783646186,5783646185],[5783646185,5783646184],[5783646184,5783646183],[1401025181,9741587633],[9741587633,9741587632],[9741587632,314935611],[314935611,2422810772],[2422810772,5783646156],[5783646156,9741587631],[9741587631,314935612],[314935612,8405441518],[8405441518,314935613]]}