{"nodes":[[314935635,139.143621,35.732183],[9741587628,139.14361,35.732123],[314935636,139.143607,35.732055],[314935637,139.143621,35.731963],[11433250343,139.143674,35.731699],[5783646222,139.143598,35.729675],[2337128300,139.143401,35.729811],[5783646220,139.14325,35.729932],[5783646219,139.143173,35.72998],[2337128309,139.143097,35.730014],[9631479992,139.142942,35.730103]],"edges":[[314935635,9741587628],[9741587628,314935636],[314935636,314935637],[314935637,11433250343],[5783646222,2337128300],[2337128300,5783646220],[5783646220,5783646219],[5783646219,2337128309],[2337128309,9631479992]]}