{"nodes":[[1654496917,139.143246,35.597584],[1654496916,139.143121,35.597589],[1654496980,139.142963,35.597663],[1654496998,139.142908,35.597679],[1654497023,139.142677,35.59774],[1654496997,139.142111,35.597784],[1654496915,139.141839,35.597714],[6875907747,139.141698,35.597588],[1654496853,139.141566,35.597548],[6875907746,139.141232,35.597423],[1654496708,139.140927,35.597336],[1654496697,139.140721,35.597299],[1654496746,139.140425,35.597257]],"edges":[[1654496917,1654496916],[1654496916,1654496980],[1654496980,1654496998],[1654496998,1654497023],[1654497023,1654496997],[1654496997,1654496915],[1654496915,6875907747],[6875907747,1654496853],[1654496853,6875907746],[6875907746,1654496708],[1654496708,1654496697],[1654496697,1654496746]]}