{"nodes":[[9546615423,139.143602,35.604673],[2291594973,139.143538,35.604668],[2291594963,139.143468,35.604643],[2291594962,139.14324,35.604555],[1654504065,139.143003,35.608417],[1654504236,139.143134,35.608575],[1654504533,139.143259,35.608896],[1654504608,139.143327,35.608975],[1654504624,139.143506,35.609048],[1654504811,139.143666,35.609262],[10728570018,139.14353,35.607354],[10728570017,139.143208,35.607518],[10728570016,139.142873,35.607625],[10728570015,139.142648,35.607736],[10728570014,139.14272,35.608013],[10728570013,139.142929,35.608235]],"edges":[[9546615423,2291594973],[2291594973,2291594963],[2291594963,2291594962],[1654504065,1654504236],[1654504236,1654504533],[1654504533,1654504608],[1654504608,1654504624],[1654504624,1654504811],[10728570018,10728570017],[10728570017,10728570016],[10728570016,10728570015],[10728570015,10728570014],[10728570014,10728570013],[10728570013,1654504065]]}