{"nodes":[[315337134,139.143461,35.613829],[315337135,139.143378,35.613837],[315337136,139.143163,35.613789],[3730357247,139.143019,35.613737],[315337139,139.142901,35.613701],[315337140,139.142714,35.613683],[315337141,139.142605,35.613693],[315337142,139.142473,35.61371],[315337143,139.142376,35.613741],[3256445900,139.14229,35.613792],[315337144,139.142077,35.613918],[2420233003,139.141906,35.614012],[315337145,139.141721,35.614085],[315337146,139.141477,35.614143],[1654739383,139.140881,35.614264],[1654507855,139.142298,35.613415],[1654507866,139.142302,35.613355],[1654507867,139.142323,35.613314],[1654507830,139.142414,35.613259],[1654507834,139.142498,35.613239],[1654507901,139.142651,35.613235],[7026379040,139.142715,35.613261],[1654507968,139.142788,35.613318],[1654507974,139.142873,35.61343],[1654507977,139.142927,35.613469],[1654507981,139.143003,35.613483],[1654507966,139.143507,35.61341],[1654507933,139.143891,35.61336],[6711359757,139.141649,35.617713],[6711450254,139.141862,35.617653],[6711450263,139.14207,35.617595],[6711450262,139.142327,35.617475],[6711450261,139.142679,35.617284],[6711450260,139.143021,35.617184],[6711450259,139.143167,35.617134],[6711450258,139.143344,35.617074],[6711450257,139.143426,35.617057],[6711450256,139.143573,35.617031],[6711450253,139.143782,35.617021],[13379880301,139.14353,35.614957],[13379880302,139.143475,35.614993],[13379880303,139.14351,35.615063],[13379880304,139.143625,35.615087]],"edges":[[315337134,315337135],[315337135,315337136],[315337136,3730357247],[3730357247,315337139],[315337139,315337140],[315337140,315337141],[315337141,315337142],[315337142,315337143],[315337143,3256445900],[3256445900,315337144],[315337144,2420233003],[2420233003,315337145],[315337145,315337146],[315337146,1654739383],[1654507855,1654507866],[1654507866,1654507867],[1654507867,1654507830],[1654507830,1654507834],[1654507834,1654507901],[1654507901,7026379040],[7026379040,1654507968],[1654507968,1654507974],[1654507974,1654507977],[1654507977,1654507981],[1654507981,1654507966],[1654507966,1654507933],[6711359757,6711450254],[6711450254,6711450263],[6711450263,6711450262],[6711450262,6711450261],[6711450261,6711450260],[6711450260,6711450259],[6711450259,6711450258],[6711450258,6711450257],[6711450257,6711450256],[6711450256,6711450253],[13379880301,13379880302],[13379880302,13379880303],[13379880303,13379880304]]}