{"nodes":[[1654512120,139.143611,35.626803],[1654512161,139.143348,35.627053],[1654512181,139.143606,35.62721],[1654512201,139.143921,35.627476],[299076018,139.14345,35.631293],[299076019,139.143296,35.63133],[3805166513,139.143193,35.631363],[11204758022,139.143115,35.631405],[299076020,139.143056,35.63146],[3805166514,139.143003,35.631541],[299076021,139.142925,35.631732],[1654739604,139.142836,35.631937],[11204758024,139.142798,35.632012],[299076022,139.142747,35.632088],[11204758023,139.142663,35.632187],[299076200,139.142561,35.632288],[11204758025,139.1424,35.632439],[11204758026,139.142293,35.632538]],"edges":[[1654512120,1654512161],[1654512161,1654512181],[1654512181,1654512201],[299076018,299076019],[299076019,3805166513],[3805166513,11204758022],[11204758022,299076020],[299076020,3805166514],[3805166514,299076021],[299076021,1654739604],[1654739604,11204758024],[11204758024,299076022],[299076022,11204758023],[11204758023,299076200],[299076200,11204758025],[11204758025,11204758026]]}