{"nodes":[[1654518934,139.142445,35.652685],[7183216085,139.142287,35.652598],[9557943141,139.142248,35.652469]],"edges":[[1654518934,7183216085],[7183216085,9557943141]]}