{"nodes":[[1401014324,139.142826,35.669975],[1401014326,139.142991,35.670045],[1401014329,139.143149,35.670209],[1401014332,139.143327,35.670379],[1401014336,139.143426,35.670507],[1401014342,139.143632,35.670755],[1654522682,139.14279,35.669868],[1654522679,139.142714,35.669694],[1654522674,139.142724,35.669612],[1654522670,139.142752,35.669499],[1654522667,139.142782,35.669306],[1654522665,139.14292,35.669081],[1654522654,139.143017,35.668985],[1654522652,139.143179,35.668861],[1654522650,139.143348,35.668789],[1654522648,139.143713,35.668693]],"edges":[[1401014324,1401014326],[1401014326,1401014329],[1401014329,1401014332],[1401014332,1401014336],[1401014336,1401014342],[1654522682,1654522679],[1654522679,1654522674],[1654522674,1654522670],[1654522670,1654522667],[1654522667,1654522665],[1654522665,1654522654],[1654522654,1654522652],[1654522652,1654522650],[1654522650,1654522648]]}