{"nodes":[[12009856643,139.132142,35.702496],[314941352,139.132241,35.702385],[314941355,139.132891,35.701693],[9611003153,139.132975,35.701629],[314941357,139.133073,35.701585],[314941358,139.133184,35.701556],[314941359,139.13331,35.701552],[314941360,139.133424,35.701567],[314941361,139.133528,35.701602],[314941362,139.133691,35.701697]],"edges":[[12009856643,314941352],[314941352,314941355],[314941355,9611003153],[9611003153,314941357],[314941357,314941358],[314941358,314941359],[314941359,314941360],[314941360,314941361],[314941361,314941362]]}