{"nodes":[[314941487,139.131475,35.703528],[314941489,139.131532,35.703447],[12009856644,139.131588,35.703383],[314941490,139.13165,35.70329],[314941491,139.131824,35.702975],[314941351,139.131999,35.702692],[9611003157,139.132064,35.702594],[12009856643,139.132142,35.702496]],"edges":[[314941487,314941489],[314941489,12009856644],[12009856644,314941490],[314941490,314941491],[314941491,314941351],[314941351,9611003157],[9611003157,12009856643]]}