{"nodes":[[1401014355,139.145661,35.672828],[1401014356,139.145661,35.672845],[1401014357,139.146153,35.673211],[1401014359,139.146256,35.673313],[1401014361,139.146429,35.673448],[1401014362,139.146926,35.673735],[1401014363,139.147112,35.673893],[1401014364,139.147202,35.674005],[1401014365,139.147381,35.674281],[1401014366,139.147519,35.674636],[1401014367,139.147554,35.674698],[1401014369,139.147602,35.674822],[1401014371,139.147796,35.675177],[1401014372,139.147823,35.675205],[1401014373,139.147967,35.675516],[1401014374,139.148002,35.675716],[1401014378,139.148023,35.675994],[1401014381,139.14803,35.676371],[1401014384,139.148002,35.676799],[1401014386,139.147995,35.676912],[1401014389,139.148016,35.67716],[1401014391,139.148092,35.677363],[1401014392,139.148139,35.677448],[1401014394,139.148223,35.677599],[1401014397,139.148306,35.677729],[1401014398,139.148313,35.677824],[1401014399,139.148274,35.677912],[1401014402,139.148175,35.678067],[1401014405,139.147774,35.678528],[1401014408,139.147567,35.678787],[1401014410,139.147484,35.678967],[1401014417,139.147505,35.679553],[1401014418,139.147464,35.679671],[1401014419,139.147394,35.679735],[1401014422,139.147174,35.679947],[1401014427,139.147036,35.680144],[1401014429,139.147022,35.680201],[1401014431,139.147015,35.680336],[1401014436,139.147029,35.680545],[1401014437,139.147022,35.680641],[1401014440,139.147049,35.68081],[1401014445,139.147174,35.681075],[1401014449,139.147229,35.681249],[1401014451,139.147229,35.681379],[1401014454,139.147194,35.681548],[1401014455,139.14716,35.681627],[1401014458,139.14707,35.681779],[1401014461,139.146946,35.682038],[1401014466,139.146884,35.682269],[1401014469,139.146884,35.682596]],"edges":[[1401014355,1401014356],[1401014356,1401014357],[1401014357,1401014359],[1401014359,1401014361],[1401014361,1401014362],[1401014362,1401014363],[1401014363,1401014364],[1401014364,1401014365],[1401014365,1401014366],[1401014366,1401014367],[1401014367,1401014369],[1401014369,1401014371],[1401014371,1401014372],[1401014372,1401014373],[1401014373,1401014374],[1401014374,1401014378],[1401014378,1401014381],[1401014381,1401014384],[1401014384,1401014386],[1401014386,1401014389],[1401014389,1401014391],[1401014391,1401014392],[1401014392,1401014394],[1401014394,1401014397],[1401014397,1401014398],[1401014398,1401014399],[1401014399,1401014402],[1401014402,1401014405],[1401014405,1401014408],[1401014408,1401014410],[1401014410,1401014417],[1401014417,1401014418],[1401014418,1401014419],[1401014419,1401014422],[1401014422,1401014427],[1401014427,1401014429],[1401014429,1401014431],[1401014431,1401014436],[1401014436,1401014437],[1401014437,1401014440],[1401014440,1401014445],[1401014445,1401014449],[1401014449,1401014451],[1401014451,1401014454],[1401014454,1401014455],[1401014455,1401014458],[1401014458,1401014461],[1401014461,1401014466],[1401014466,1401014469]]}