{"nodes":[[1401014596,139.145858,35.685801],[1401014605,139.145702,35.685953],[1401014618,139.145233,35.686156],[1401014623,139.145102,35.686234],[1401014636,139.144992,35.686341],[1401014648,139.144937,35.686426],[1401014679,139.144757,35.686797],[1401014680,139.144743,35.686848],[1401014726,139.144633,35.687152],[1401014746,139.144522,35.687298],[1401014792,139.144039,35.687812],[1401014797,139.143936,35.687895],[1401014800,139.143832,35.688008],[1401014811,139.143749,35.688082],[1401014815,139.143508,35.688318],[1401014469,139.146884,35.682596],[1401014476,139.146925,35.682906],[1401014480,139.147015,35.683215],[1401014486,139.147021,35.683525],[1401014493,139.147,35.683598],[1401014501,139.146855,35.683863],[1401014521,139.146696,35.68424],[1401014532,139.146593,35.684567],[1401014540,139.146572,35.684753],[1401014542,139.146544,35.684888],[1401014546,139.146441,35.685164],[1401014567,139.14624,35.685418],[1401014589,139.146027,35.685626],[1401014595,139.14595,35.685711]],"edges":[[1401014596,1401014605],[1401014605,1401014618],[1401014618,1401014623],[1401014623,1401014636],[1401014636,1401014648],[1401014648,1401014679],[1401014679,1401014680],[1401014680,1401014726],[1401014726,1401014746],[1401014746,1401014792],[1401014792,1401014797],[1401014797,1401014800],[1401014800,1401014811],[1401014811,1401014815],[1401014469,1401014476],[1401014476,1401014480],[1401014480,1401014486],[1401014486,1401014493],[1401014493,1401014501],[1401014501,1401014521],[1401014521,1401014532],[1401014532,1401014540],[1401014540,1401014542],[1401014542,1401014546],[1401014546,1401014567],[1401014567,1401014589],[1401014589,1401014595],[1401014595,1401014596]]}