{"nodes":[[1401026817,139.15321,35.742602],[1401026964,139.153597,35.742974],[1401027038,139.153838,35.743165]],"edges":[[1401026817,1401026964],[1401026964,1401027038]]}