{"nodes":[[1654477004,139.24769,35.571228],[1654477085,139.24771,35.57136],[1654477127,139.247815,35.571523],[1654477161,139.247832,35.571663],[1654477229,139.247764,35.571867],[1654477262,139.247684,35.572024],[1654477340,139.24766,35.572121],[1654477407,139.247705,35.572265],[1654477644,139.247835,35.572621],[9382924804,139.253128,35.572366],[9382924805,139.253548,35.572123],[9382924806,139.25347,35.57189],[9382924807,139.25347,35.571585],[9382924808,139.253768,35.571379]],"edges":[[1654477004,1654477085],[1654477085,1654477127],[1654477127,1654477161],[1654477161,1654477229],[1654477229,1654477262],[1654477262,1654477340],[1654477340,1654477407],[1654477407,1654477644],[9382924804,9382924805],[9382924805,9382924806],[9382924806,9382924807],[9382924807,9382924808]]}