{"nodes":[[7135562413,139.29176,35.572169],[7135562414,139.291626,35.571995],[7135562415,139.291112,35.571471],[7135562416,139.290977,35.571306],[7135562417,139.290954,35.571056],[7135562418,139.291003,35.570253],[7135562419,139.291003,35.570049],[1654477256,139.293558,35.571978],[1654477230,139.293511,35.571862],[1654477128,139.293597,35.57152],[1654477058,139.293477,35.571269],[1654476919,139.293351,35.570859],[1654476711,139.293313,35.570626],[1654476663,139.293591,35.570582],[1654476608,139.293805,35.5705],[4267488487,139.28389,35.571677],[4267488488,139.283989,35.571778],[4267488689,139.283998,35.571853],[4267488690,139.283968,35.571911],[4267488691,139.283749,35.572308],[4267488692,139.283808,35.572466],[4267488693,139.283831,35.572715]],"edges":[[7135562413,7135562414],[7135562414,7135562415],[7135562415,7135562416],[7135562416,7135562417],[7135562417,7135562418],[7135562418,7135562419],[1654477256,1654477230],[1654477230,1654477128],[1654477128,1654477058],[1654477058,1654476919],[1654476919,1654476711],[1654476711,1654476663],[1654476663,1654476608],[4267488487,4267488488],[4267488488,4267488689],[4267488689,4267488690],[4267488690,4267488691],[4267488691,4267488692],[4267488692,4267488693]]}