{"nodes":[[1654477474,139.29394,35.572435],[1654477397,139.293809,35.572238],[1654477271,139.293664,35.572041],[1654477256,139.293558,35.571978],[1654476608,139.293805,35.5705],[1654476537,139.294095,35.570261],[1654476408,139.29443,35.570088],[1654476343,139.294602,35.569964],[1654476288,139.294684,35.569918],[1654475853,139.294788,35.56989],[1654475874,139.294932,35.569907],[1654476320,139.295171,35.569956],[1654476321,139.295302,35.569952],[1654475878,139.295435,35.569907],[1654475355,139.29569,35.56971],[1654475286,139.295849,35.569626],[1654475253,139.295952,35.569579]],"edges":[[1654477474,1654477397],[1654477397,1654477271],[1654477271,1654477256],[1654476608,1654476537],[1654476537,1654476408],[1654476408,1654476343],[1654476343,1654476288],[1654476288,1654475853],[1654475853,1654475874],[1654475874,1654476320],[1654476320,1654476321],[1654476321,1654475878],[1654475878,1654475355],[1654475355,1654475286],[1654475286,1654475253]]}