{"nodes":[[277755656,139.307435,35.572473],[3809666261,139.307831,35.572005],[11724236659,139.308063,35.571745],[277755657,139.308306,35.571485],[277755658,139.308406,35.571384],[277755659,139.308611,35.571208],[277755660,139.308998,35.570932],[2944057901,139.309114,35.570847],[277755661,139.309227,35.570748],[277755662,139.30936,35.570597],[3809666260,139.309558,35.570325],[277755663,139.309769,35.570037],[1654475271,139.310106,35.56958],[277755664,139.310193,35.569452],[3809666259,139.310242,35.569366],[277755665,139.310288,35.569272],[3809666258,139.310386,35.569074],[2944057852,139.310469,35.568946],[2944057853,139.310534,35.568856],[3809666257,139.310603,35.568777],[277755666,139.310672,35.568709],[2944057854,139.310762,35.568636],[3809663956,139.310839,35.568577],[3809663955,139.311005,35.568481],[277755667,139.311239,35.568343],[2944057855,139.31143,35.568226],[3809663954,139.311499,35.568184],[3809663953,139.31159,35.568112],[277755668,139.311648,35.568056],[3809663952,139.311698,35.567988],[277755669,139.311736,35.567932],[2944057857,139.311812,35.56778],[277755670,139.312027,35.567314],[277755671,139.312107,35.567172],[3809713151,139.312192,35.567045],[277755672,139.312266,35.566955],[3809713150,139.312372,35.566848],[2944057858,139.31247,35.56677],[3809713149,139.312815,35.566544],[277755673,139.312916,35.566465],[277755675,139.312982,35.566397],[277755676,139.313084,35.566282],[3809713147,139.313142,35.566191],[3809713146,139.31327,35.565883],[2944057859,139.313305,35.565818],[13037199401,139.313387,35.56571],[277755677,139.313511,35.565577],[277755679,139.313913,35.565143],[13037199348,139.307477,35.572342],[13037199349,139.307802,35.57195],[13037199350,139.308172,35.571534],[13037199351,139.3084,35.571307],[13037199352,139.308624,35.571128],[13037199353,139.308934,35.570918],[13037199354,139.309175,35.570726],[13037199355,139.309339,35.57054],[13037199356,139.309547,35.570235],[13037199357,139.309799,35.569915],[13037199358,139.310018,35.569625],[13037199605,139.310048,35.569573],[13037199359,139.31027,35.569194],[13037199360,139.310415,35.568885],[13037199600,139.310429,35.568871],[13037199361,139.310625,35.568671],[13037199362,139.310857,35.568488],[13037199363,139.311219,35.568286],[13037199364,139.311449,35.568139],[13037199365,139.311601,35.567985],[13037199366,139.311746,35.567784],[13037199367,139.311808,35.567658]],"edges":[[277755656,3809666261],[3809666261,11724236659],[11724236659,277755657],[277755657,277755658],[277755658,277755659],[277755659,277755660],[277755660,2944057901],[2944057901,277755661],[277755661,277755662],[277755662,3809666260],[3809666260,277755663],[277755663,1654475271],[1654475271,277755664],[277755664,3809666259],[3809666259,277755665],[277755665,3809666258],[3809666258,2944057852],[2944057852,2944057853],[2944057853,3809666257],[3809666257,277755666],[277755666,2944057854],[2944057854,3809663956],[3809663956,3809663955],[3809663955,277755667],[277755667,2944057855],[2944057855,3809663954],[3809663954,3809663953],[3809663953,277755668],[277755668,3809663952],[3809663952,277755669],[277755669,2944057857],[2944057857,277755670],[277755670,277755671],[277755671,3809713151],[3809713151,277755672],[277755672,3809713150],[3809713150,2944057858],[2944057858,3809713149],[3809713149,277755673],[277755673,277755675],[277755675,277755676],[277755676,3809713147],[3809713147,3809713146],[3809713146,2944057859],[2944057859,13037199401],[13037199401,277755677],[277755677,277755679],[13037199348,13037199349],[13037199349,13037199350],[13037199350,13037199351],[13037199351,13037199352],[13037199352,13037199353],[13037199353,13037199354],[13037199354,13037199355],[13037199355,13037199356],[13037199356,13037199357],[13037199357,13037199358],[13037199358,13037199605],[13037199605,13037199359],[13037199359,13037199360],[13037199360,13037199600],[13037199600,13037199361],[13037199361,13037199362],[13037199362,13037199363],[13037199363,13037199364],[13037199364,13037199365],[13037199365,13037199366],[13037199366,13037199367]]}