{"nodes":[[1957891035,139.313519,35.757293],[1641783571,139.313457,35.757363],[3817641669,139.312757,35.758147],[3910187029,139.312718,35.758189],[10916715043,139.312684,35.758228],[1641783715,139.31266,35.758255],[10916715035,139.312637,35.758281],[10916715040,139.312602,35.75832],[11010864830,139.31233,35.758624],[10942452967,139.312157,35.758817],[3817641672,139.311901,35.759102],[11010864715,139.311662,35.759369],[11010864717,139.311621,35.759415],[1641783899,139.31158,35.75946],[11010864714,139.311546,35.759499],[11010864706,139.311133,35.759961],[414730180,139.310814,35.760317],[11011065791,139.310764,35.760372],[11011065789,139.310729,35.760413],[11011065776,139.310696,35.760452],[1641784203,139.310627,35.760533],[11011065799,139.310588,35.760579],[11011065800,139.310539,35.760642],[11011065795,139.310512,35.760678],[1908284174,139.31041,35.760824],[1908284185,139.310365,35.76089],[11010864970,139.310244,35.761083],[3817641674,139.310133,35.761281],[11010864972,139.310059,35.76143],[11010864971,139.309988,35.761588],[691566683,139.309931,35.761742],[3488877225,139.309702,35.762424],[3488877222,139.30968,35.762488],[3617687681,139.309609,35.762692]],"edges":[[1957891035,1641783571],[1641783571,3817641669],[3817641669,3910187029],[3910187029,10916715043],[10916715043,1641783715],[1641783715,10916715035],[10916715035,10916715040],[10916715040,11010864830],[11010864830,10942452967],[10942452967,3817641672],[3817641672,11010864715],[11010864715,11010864717],[11010864717,1641783899],[1641783899,11010864714],[11010864714,11010864706],[11010864706,414730180],[414730180,11011065791],[11011065791,11011065789],[11011065789,11011065776],[11011065776,1641784203],[1641784203,11011065799],[11011065799,11011065800],[11011065800,11011065795],[11011065795,1908284174],[1908284174,1908284185],[1908284185,11010864970],[11010864970,3817641674],[3817641674,11010864972],[11010864972,11010864971],[11010864971,691566683],[691566683,3488877225],[3488877225,3488877222],[3488877222,3617687681]]}