{"nodes":[[3617687681,139.309609,35.762692],[414730184,139.309499,35.76302],[2950106188,139.309289,35.763672],[3488877219,139.309188,35.763975],[2950106236,139.309145,35.764107],[1908284430,139.309126,35.76416],[1641859847,139.30894,35.764751],[2950106353,139.308849,35.765013],[8381303421,139.308758,35.765298],[414730186,139.308649,35.765575],[8381303422,139.308526,35.765825],[414730187,139.308397,35.766046],[414730189,139.308265,35.766259],[2950106301,139.308113,35.76646],[8373357856,139.308013,35.766586],[3617687679,139.307916,35.766699],[8373357857,139.307836,35.766779],[1641860225,139.307627,35.766988],[414730191,139.307184,35.767399]],"edges":[[3617687681,414730184],[414730184,2950106188],[2950106188,3488877219],[3488877219,2950106236],[2950106236,1908284430],[1908284430,1641859847],[1641859847,2950106353],[2950106353,8381303421],[8381303421,414730186],[414730186,8381303422],[8381303422,414730187],[414730187,414730189],[414730189,2950106301],[2950106301,8373357856],[8373357856,3617687679],[3617687679,8373357857],[8373357857,1641860225],[1641860225,414730191]]}