{"nodes":[[12992476087,139.323623,35.745475],[1798466713,139.323599,35.745529],[1668509271,139.323534,35.745644],[1668509296,139.323247,35.746021],[1475511002,139.322978,35.746241],[1952421391,139.322428,35.746697],[1798466717,139.322342,35.746759],[1475554881,139.32168,35.747282],[1952421420,139.32154,35.747391],[252181880,139.321361,35.747555],[1668509298,139.321249,35.747675],[1475511138,139.320985,35.747925],[1475554951,139.320854,35.74809],[1954134238,139.320682,35.748305],[1475511198,139.320245,35.748803],[366497916,139.320169,35.748889],[1952421413,139.31969,35.749493],[1475555077,139.319627,35.749575],[4590844299,139.319608,35.749596],[1475511248,139.319416,35.749815],[1475555251,139.318662,35.750732],[4467531369,139.318579,35.750839],[3817641555,139.31841,35.751046],[366497915,139.31809,35.751488],[3488877253,139.317924,35.751737],[1637597585,139.317888,35.751796],[4590844300,139.317879,35.751811],[414730177,139.317278,35.752743]],"edges":[[12992476087,1798466713],[1798466713,1668509271],[1668509271,1668509296],[1668509296,1475511002],[1475511002,1952421391],[1952421391,1798466717],[1798466717,1475554881],[1475554881,1952421420],[1952421420,252181880],[252181880,1668509298],[1668509298,1475511138],[1475511138,1475554951],[1475554951,1954134238],[1954134238,1475511198],[1475511198,366497916],[366497916,1952421413],[1952421413,1475555077],[1475555077,4590844299],[4590844299,1475511248],[1475511248,1475555251],[1475555251,4467531369],[4467531369,3817641555],[3817641555,366497915],[366497915,3488877253],[3488877253,1637597585],[1637597585,4590844300],[4590844300,414730177]]}