{"nodes":[[414730177,139.317278,35.752743],[6275778318,139.316842,35.753439],[1637597743,139.316825,35.753465],[10880717780,139.31664,35.75375],[10883032558,139.316597,35.753815],[1637597787,139.316543,35.753894],[10883032555,139.316485,35.753964],[10880717778,139.316438,35.754019],[10874248215,139.316276,35.754211],[3817641661,139.316072,35.754439],[10687821616,139.315711,35.754843],[10873179862,139.315662,35.754898],[10880717774,139.315629,35.754934],[10920713476,139.3156,35.754967],[10883032515,139.315575,35.754994],[1637597899,139.315501,35.755077],[10883032517,139.315425,35.755161],[10880717773,139.315367,35.755225],[2462378023,139.315048,35.755583],[1637725958,139.31496,35.755681],[3910187026,139.314704,35.755969],[10895017405,139.314308,35.756412],[10887055093,139.314179,35.756557],[10887055091,139.314139,35.7566],[366497913,139.314073,35.756678],[10887055095,139.313998,35.756763],[10887055101,139.313942,35.756826],[1668525944,139.313933,35.756836],[10920548647,139.313791,35.756992],[1957891035,139.313519,35.757293]],"edges":[[414730177,6275778318],[6275778318,1637597743],[1637597743,10880717780],[10880717780,10883032558],[10883032558,1637597787],[1637597787,10883032555],[10883032555,10880717778],[10880717778,10874248215],[10874248215,3817641661],[3817641661,10687821616],[10687821616,10873179862],[10873179862,10880717774],[10880717774,10920713476],[10920713476,10883032515],[10883032515,1637597899],[1637597899,10883032517],[10883032517,10880717773],[10880717773,2462378023],[2462378023,1637725958],[1637725958,3910187026],[3910187026,10895017405],[10895017405,10887055093],[10887055093,10887055091],[10887055091,366497913],[366497913,10887055095],[10887055095,10887055101],[10887055101,1668525944],[1668525944,10920548647],[10920548647,1957891035]]}