{"nodes":[[799101623,139.328337,35.569674],[12864417922,139.328364,35.569715],[2265653345,139.328637,35.570114],[2189476505,139.328935,35.570487],[799101817,139.329153,35.570704],[1657446683,139.329347,35.57086],[2265663077,139.329765,35.571195],[1657446791,139.330182,35.571529],[2265662005,139.330602,35.571869],[1657446865,139.331003,35.572203],[799102038,139.331431,35.572536],[1657446927,139.327161,35.57249],[12451294210,139.327044,35.572502],[1657446930,139.32694,35.572515],[12451294209,139.326784,35.572464],[1657446910,139.326642,35.572403],[2189608126,139.326447,35.572387],[1657446908,139.326289,35.572339],[1657446846,139.325758,35.572097],[1657446861,139.327777,35.572153],[504930906,139.323654,35.572173],[4828090565,139.323581,35.572026],[2265652373,139.329377,35.568094],[12847044382,139.327779,35.568822],[9761579184,139.32678,35.569267],[1657446440,139.325905,35.569668],[3207677206,139.324549,35.570597],[2265652884,139.324197,35.57085],[2265652887,139.324378,35.571074],[2265652875,139.324475,35.571199],[12864361901,139.324539,35.571317],[736437357,139.324567,35.571368],[12864361900,139.324598,35.571419],[2265652878,139.324746,35.571661],[2265652876,139.324962,35.571785],[2265652885,139.325089,35.571881],[2265652879,139.325358,35.572042],[1657446864,139.325599,35.572182],[12421909216,139.325504,35.572242],[12421909230,139.325422,35.572297],[2265652877,139.325353,35.572337],[12421909215,139.325222,35.572401],[2265652886,139.324958,35.572515],[12864361641,139.323664,35.572303],[12864361642,139.323707,35.572379],[12864361643,139.323737,35.572436],[12864361644,139.323896,35.572744]],"edges":[[799101623,12864417922],[12864417922,2265653345],[2265653345,2189476505],[2189476505,799101817],[799101817,1657446683],[1657446683,2265663077],[2265663077,1657446791],[1657446791,2265662005],[2265662005,1657446865],[1657446865,799102038],[1657446927,12451294210],[12451294210,1657446930],[12451294209,1657446910],[1657446910,2189608126],[2189608126,1657446908],[1657446908,1657446846],[1657446861,1657446683],[504930906,4828090565],[2265652373,12847044382],[12847044382,9761579184],[9761579184,1657446440],[1657446440,3207677206],[3207677206,2265652884],[2265652884,2265652887],[2265652887,2265652875],[2265652875,12864361901],[12864361901,736437357],[736437357,12864361900],[12864361900,2265652878],[2265652878,2265652876],[2265652876,2265652885],[2265652885,2265652879],[2265652879,1657446864],[1657446864,12421909216],[12421909216,12421909230],[12421909230,2265652877],[2265652877,12421909215],[12421909215,2265652886],[12864361641,12864361642],[12864361642,12864361643],[12864361643,12864361644]]}