{"nodes":[[1475094614,139.324799,35.742568],[691564948,139.32476,35.742681],[1880856724,139.324727,35.742803],[3621784412,139.324646,35.743061],[3910187015,139.324604,35.743204],[1668509270,139.324446,35.743739],[3815932070,139.324268,35.744132],[599545869,139.32399,35.74465],[1475510921,139.323735,35.745228],[12992476087,139.323623,35.745475]],"edges":[[1475094614,691564948],[691564948,1880856724],[1880856724,3621784412],[3621784412,3910187015],[3910187015,1668509270],[1668509270,3815932070],[3815932070,599545869],[599545869,1475510921],[1475510921,12992476087]]}