{"nodes":[[1654477454,139.154921,35.572364],[1654477430,139.154908,35.572297],[1654477248,139.154556,35.571969],[1654477214,139.154425,35.571806],[1654477133,139.154204,35.571559],[1654477116,139.154114,35.571474],[2012426162,139.163606,35.565656],[2012426163,139.163462,35.56582],[2012426164,139.16352,35.566027],[2012426165,139.163891,35.566293]],"edges":[[1654477454,1654477430],[1654477430,1654477248],[1654477248,1654477214],[1654477214,1654477133],[1654477133,1654477116],[2012426162,2012426163],[2012426163,2012426164],[2012426164,2012426165]]}