{"nodes":[[1401014812,139.15882,35.688128],[1401014798,139.158668,35.687925],[1401014796,139.158606,35.687829],[1401014788,139.158606,35.687784],[1401014785,139.158663,35.68771],[1401014780,139.158764,35.687695],[1401014778,139.158944,35.687694],[1401014782,139.159111,35.687701],[1401014776,139.159191,35.68768],[1401014772,139.15931,35.687615],[1401014769,139.159393,35.687542],[1401014760,139.15951,35.687396],[1401014718,139.159758,35.687018],[1401014703,139.159811,35.686964],[1401015170,139.158046,35.692149],[1401015165,139.158004,35.692115],[1401015142,139.157915,35.692013],[1401015046,139.157335,35.691445],[1401015020,139.157121,35.691164],[1401014993,139.157031,35.690972],[1401014981,139.156983,35.690781],[1401014964,139.156955,35.69046],[1401014951,139.156907,35.690291],[1401014923,139.156714,35.689919],[1401014912,139.156659,35.689752],[1401014911,139.156652,35.689728],[1401014902,139.156665,35.689598],[1401014900,139.156714,35.689502],[1401014887,139.156879,35.68935],[1401014859,139.157413,35.688896],[1401014816,139.158959,35.688297],[6714655532,139.157691,35.68871],[6714655529,139.157789,35.688685],[6714655531,139.157888,35.688673],[1401014845,139.158034,35.688722],[1401014840,139.158345,35.688794],[1401014832,139.158578,35.688729],[6714655530,139.158699,35.688602],[1401014825,139.15887,35.688513],[1401014823,139.158958,35.688466],[6714655528,139.158988,35.68837],[1401014699,139.159975,35.686915],[1401014702,139.160066,35.686934],[1401014705,139.160117,35.686984],[1401014731,139.160207,35.687181],[1401014748,139.160275,35.687302],[1401014752,139.160343,35.687388],[1401014762,139.160386,35.687407],[1401014700,139.159903,35.686928],[1401014754,139.160552,35.68739],[1401014747,139.160739,35.6873],[1401014744,139.16087,35.687198],[1401014724,139.160959,35.687108],[1401014697,139.161146,35.686855],[1401014669,139.161243,35.686629],[1401014642,139.161325,35.686393],[1401014627,139.161422,35.686246],[1401014609,139.161581,35.686032],[1401014598,139.161664,35.685858],[1401014594,139.161781,35.685661],[1401014587,139.161802,35.685604],[1401014852,139.157503,35.68884]],"edges":[[1401014812,1401014798],[1401014798,1401014796],[1401014796,1401014788],[1401014788,1401014785],[1401014785,1401014780],[1401014780,1401014778],[1401014778,1401014782],[1401014782,1401014776],[1401014776,1401014772],[1401014772,1401014769],[1401014769,1401014760],[1401014760,1401014718],[1401014718,1401014703],[1401015170,1401015165],[1401015165,1401015142],[1401015142,1401015046],[1401015046,1401015020],[1401015020,1401014993],[1401014993,1401014981],[1401014981,1401014964],[1401014964,1401014951],[1401014951,1401014923],[1401014923,1401014912],[1401014912,1401014911],[1401014911,1401014902],[1401014902,1401014900],[1401014900,1401014887],[1401014887,1401014859],[1401014816,1401014812],[6714655532,6714655529],[6714655529,6714655531],[6714655531,1401014845],[1401014845,1401014840],[1401014840,1401014832],[1401014832,6714655530],[6714655530,1401014825],[1401014825,1401014823],[1401014823,6714655528],[6714655528,1401014816],[1401014699,1401014702],[1401014702,1401014705],[1401014705,1401014731],[1401014731,1401014748],[1401014748,1401014752],[1401014752,1401014762],[1401014703,1401014700],[1401014700,1401014699],[1401014754,1401014747],[1401014747,1401014744],[1401014744,1401014724],[1401014724,1401014697],[1401014697,1401014669],[1401014669,1401014642],[1401014642,1401014627],[1401014627,1401014609],[1401014609,1401014598],[1401014598,1401014594],[1401014594,1401014587],[1401014762,1401014754],[1401014859,1401014852],[1401014852,6714655532]]}