{"nodes":[[1401016659,139.154198,35.705902],[1401016657,139.154294,35.705861],[1401016650,139.154455,35.705758],[1401016643,139.154531,35.705676],[1401016632,139.154672,35.705479],[1401016622,139.154721,35.705317],[1401016611,139.154665,35.705174],[1401016602,139.154686,35.705059],[1401016584,139.154818,35.704954],[1401016571,139.155012,35.70485],[1401016564,139.155108,35.704777],[1401016555,139.155397,35.70463],[1401016543,139.15556,35.704511],[1401016540,139.155655,35.704369],[9631479957,139.155699,35.70422],[1401016535,139.155695,35.704075],[1401016496,139.155625,35.703676],[9631479958,139.155611,35.703559],[1401016451,139.155638,35.702798],[1401016412,139.155648,35.702665],[1401016408,139.155667,35.702564],[1401016395,139.15568,35.702478],[1401016750,139.153717,35.70667],[1401016730,139.153737,35.706548],[1401016704,139.153781,35.706197],[1401016684,139.153799,35.706132],[1401016681,139.153839,35.706016],[1401016678,139.153945,35.705968],[1401017255,139.163223,35.709224],[1401017286,139.16305,35.709465],[1401017473,139.162514,35.710455],[1401017544,139.162376,35.711009],[1401017557,139.162312,35.711081],[1401017649,139.162312,35.711904],[1401017884,139.161601,35.713696],[12568108363,139.153628,35.7078],[12568108364,139.153594,35.707853],[11285223742,139.159656,35.712429],[11285223743,139.159437,35.712374],[12009856617,139.159265,35.712293],[12009856618,139.159126,35.71225],[11285223744,139.158897,35.712231],[12009856619,139.15872,35.712192],[11285223745,139.15851,35.712101],[11285223746,139.158453,35.712049],[11285223747,139.158354,35.711989],[11285223748,139.158306,35.711867],[12009856623,139.158305,35.711731],[11285223749,139.1584,35.711498],[11285223750,139.158425,35.711346],[11285223751,139.158418,35.71123],[11285223752,139.158381,35.711073]],"edges":[[1401016659,1401016657],[1401016657,1401016650],[1401016650,1401016643],[1401016643,1401016632],[1401016632,1401016622],[1401016622,1401016611],[1401016611,1401016602],[1401016602,1401016584],[1401016584,1401016571],[1401016571,1401016564],[1401016564,1401016555],[1401016555,1401016543],[1401016543,1401016540],[1401016540,9631479957],[9631479957,1401016535],[1401016535,1401016496],[1401016496,9631479958],[9631479958,1401016451],[1401016451,1401016412],[1401016412,1401016408],[1401016408,1401016395],[1401016750,1401016730],[1401016730,1401016704],[1401016704,1401016684],[1401016684,1401016681],[1401016681,1401016678],[1401016678,1401016659],[1401017255,1401017286],[1401017286,1401017473],[1401017473,1401017544],[1401017544,1401017557],[1401017557,1401017649],[1401017649,1401017884],[12568108363,12568108364],[11285223742,11285223743],[11285223743,12009856617],[12009856617,12009856618],[12009856618,11285223744],[11285223744,12009856619],[12009856619,11285223745],[11285223745,11285223746],[11285223746,11285223747],[11285223747,11285223748],[11285223748,12009856623],[12009856623,11285223749],[11285223749,11285223750],[11285223750,11285223751],[11285223751,11285223752]]}