{"nodes":[[10562149138,139.161092,35.732708],[10562149139,139.161319,35.732924],[6965574438,139.16141,35.733008],[1401022932,139.161508,35.733113],[1401022994,139.16154,35.733189],[1401023125,139.161574,35.733263],[10562149137,139.161641,35.733482],[1401023276,139.161657,35.733558],[1401023370,139.1616,35.73375]],"edges":[[10562149138,10562149139],[10562149139,6965574438],[6965574438,1401022932],[1401022932,1401022994],[1401022994,1401023125],[1401023125,10562149137],[10562149137,1401023276],[1401023276,1401023370]]}