{"nodes":[[1401027038,139.153838,35.743165],[1401027072,139.15393,35.743245]],"edges":[[1401027038,1401027072]]}