{"nodes":[[1654512636,139.161837,35.630117],[1654512639,139.162064,35.630196],[1654512666,139.162416,35.630382],[1654512671,139.16252,35.63041],[1654512677,139.162664,35.630427],[1654512672,139.163078,35.630421],[1654512662,139.16343,35.630365],[1654512654,139.16354,35.630314],[1654512630,139.163788,35.630151],[1654512150,139.163602,35.627148],[1654512155,139.163539,35.627152],[1654512149,139.163484,35.627134],[1654512141,139.163473,35.627109],[1654512129,139.163484,35.62703],[1654512085,139.163609,35.626748],[1654512061,139.163609,35.626568],[1654512053,139.163567,35.626466],[1654512033,139.16345,35.626286],[1654512028,139.163422,35.626258],[1654512009,139.163284,35.626026],[1654511994,139.163236,35.625841],[1654511941,139.163236,35.625616],[6876022740,139.163202,35.625293],[1654511895,139.163216,35.625199],[1654511877,139.163195,35.625069],[1654511807,139.163195,35.624703],[1654511746,139.163257,35.624145],[1654512910,139.159709,35.632356],[1654512905,139.159808,35.632285],[1654512897,139.159878,35.632251],[1654512889,139.160161,35.632195],[1654512870,139.160284,35.632174],[1654512861,139.160451,35.632116],[1654512840,139.160589,35.631958],[1654512825,139.160637,35.631862],[1654512805,139.160706,35.631722],[1654512774,139.160782,35.63148],[1654512761,139.160837,35.63139],[1654512755,139.160913,35.631293],[1654512737,139.160992,35.631175],[1654512734,139.161023,35.631068],[1654512725,139.161036,35.630942],[1654512714,139.16103,35.630809],[1654512705,139.161009,35.63073],[1654512678,139.161009,35.630443],[1654512651,139.161064,35.630302],[1654512645,139.161126,35.63023],[1654512634,139.161237,35.630173],[1654512635,139.161333,35.630168],[1654512626,139.161437,35.630134],[1654512621,139.161561,35.630117],[5502352864,139.160824,35.630317],[5502352865,139.160352,35.630038],[5502352866,139.15988,35.629811],[5502352867,139.15988,35.62934],[5502352868,139.15973,35.629114],[5502352869,139.159516,35.62859],[5502352870,139.160159,35.627997],[5502352871,139.16046,35.627596],[5502352872,139.159966,35.626881],[5502352873,139.159773,35.626428],[5502352874,139.159408,35.626166],[5502352875,139.159258,35.625904],[5502352876,139.159215,35.624492],[5502352877,139.159709,35.623933],[5502352878,139.160395,35.623445],[5502352879,139.160567,35.622974],[5502352880,139.160739,35.622224],[1654511700,139.163374,35.62379],[1654511684,139.163402,35.623666],[1654511663,139.163519,35.623356],[1654511637,139.163594,35.623257],[1654511624,139.163758,35.623198]],"edges":[[1654512636,1654512639],[1654512639,1654512666],[1654512666,1654512671],[1654512671,1654512677],[1654512677,1654512672],[1654512672,1654512662],[1654512662,1654512654],[1654512654,1654512630],[1654512150,1654512155],[1654512155,1654512149],[1654512149,1654512141],[1654512141,1654512129],[1654512129,1654512085],[1654512085,1654512061],[1654512061,1654512053],[1654512053,1654512033],[1654512033,1654512028],[1654512028,1654512009],[1654512009,1654511994],[1654511994,1654511941],[1654511941,6876022740],[6876022740,1654511895],[1654511895,1654511877],[1654511877,1654511807],[1654511807,1654511746],[1654512910,1654512905],[1654512905,1654512897],[1654512897,1654512889],[1654512889,1654512870],[1654512870,1654512861],[1654512861,1654512840],[1654512840,1654512825],[1654512825,1654512805],[1654512805,1654512774],[1654512774,1654512761],[1654512761,1654512755],[1654512755,1654512737],[1654512737,1654512734],[1654512734,1654512725],[1654512725,1654512714],[1654512714,1654512705],[1654512705,1654512678],[1654512678,1654512651],[1654512651,1654512645],[1654512645,1654512634],[1654512634,1654512635],[1654512635,1654512626],[1654512626,1654512621],[1654512621,1654512636],[1654512645,5502352864],[5502352864,5502352865],[5502352865,5502352866],[5502352866,5502352867],[5502352867,5502352868],[5502352868,5502352869],[5502352869,5502352870],[5502352870,5502352871],[5502352871,5502352872],[5502352872,5502352873],[5502352873,5502352874],[5502352874,5502352875],[5502352875,5502352876],[5502352876,5502352877],[5502352877,5502352878],[5502352878,5502352879],[5502352879,5502352880],[1654511746,1654511700],[1654511700,1654511684],[1654511684,1654511663],[1654511663,1654511637],[1654511637,1654511624]]}