{"nodes":[[951543803,139.358688,35.562379],[1873365220,139.358687,35.562548]],"edges":[[951543803,1873365220]]}