{"nodes":[[694832806,139.382839,35.744254],[11676046612,139.382836,35.744137],[11676046667,139.382856,35.74217]],"edges":[[694832806,11676046612],[11676046612,11676046667]]}