{"nodes":[[190137966,139.406994,35.720861],[1009659765,139.406878,35.720786],[13330138014,139.406731,35.720749],[12208933065,139.406474,35.720685],[5726038883,139.40624,35.720628],[1009659774,139.405903,35.720548],[2479726462,139.405464,35.720501],[5726038884,139.404913,35.720487],[3867202527,139.404386,35.72049],[3867202528,139.404339,35.720491],[1009659777,139.403001,35.720522],[1009659713,139.404159,35.720624],[3867202531,139.404275,35.72062],[3867202530,139.404345,35.720618],[1441193653,139.404428,35.720618],[7934682198,139.405363,35.720598],[1441193652,139.405607,35.720604],[13722334460,139.405931,35.720649],[1009659911,139.406143,35.720689],[12208933063,139.4064,35.72075],[12208933064,139.406661,35.720816],[13330138015,139.406732,35.720831],[1009659912,139.40688,35.720861]],"edges":[[190137966,1009659765],[1009659765,13330138014],[13330138014,12208933065],[12208933065,5726038883],[5726038883,1009659774],[1009659774,2479726462],[2479726462,5726038884],[5726038884,3867202527],[3867202527,3867202528],[3867202528,1009659777],[1009659713,3867202531],[3867202531,3867202530],[3867202530,1441193653],[1441193653,7934682198],[7934682198,1441193652],[1441193652,13722334460],[13722334460,1009659911],[1009659911,12208933063],[12208933063,12208933064],[12208933064,13330138015],[13330138015,1009659912],[1009659912,190137966]]}