{"nodes":[[12142078724,139.41343,35.731488],[12142078723,139.413216,35.731463],[12142078722,139.412774,35.73141],[676155891,139.41146,35.731255],[12142078728,139.410474,35.731142],[12142078727,139.410002,35.731085],[1339447025,139.409899,35.731073],[12142078730,139.409786,35.731059],[676155888,139.409085,35.730976],[6558709410,139.407843,35.730829],[6558709415,139.407515,35.730789],[2139796344,139.407063,35.730735],[2139796343,139.40672,35.730696],[1442707601,139.406379,35.73066],[676155889,139.406119,35.730628],[12142078742,139.405579,35.730563],[12142078743,139.404826,35.730472],[12142078744,139.404253,35.730405],[1440451677,139.404001,35.730384],[12142078745,139.403842,35.73037],[676155886,139.402099,35.730168]],"edges":[[12142078724,12142078723],[12142078723,12142078722],[12142078722,676155891],[676155891,12142078728],[12142078728,12142078727],[12142078727,1339447025],[1339447025,12142078730],[12142078730,676155888],[676155888,6558709410],[6558709410,6558709415],[6558709415,2139796344],[2139796344,2139796343],[2139796343,1442707601],[1442707601,676155889],[676155889,12142078742],[12142078742,12142078743],[12142078743,12142078744],[12142078744,1440451677],[1440451677,12142078745],[12142078745,676155886]]}