{"nodes":[[676197968,139.404832,35.697116],[676197969,139.404675,35.697126],[676197967,139.404537,35.697144],[676197966,139.404405,35.697174],[907499700,139.402737,35.697618],[10690613626,139.403978,35.701767],[10690613627,139.404812,35.701773],[10690613628,139.405437,35.701765],[4488322378,139.406097,35.701773],[540037143,139.406244,35.701777],[540037425,139.406667,35.701796],[4488322373,139.406833,35.701795],[11994754045,139.407635,35.701797],[7706914140,139.410936,35.701815],[540037427,139.411045,35.701819],[540037577,139.411165,35.701786],[540036869,139.411064,35.701736],[7706914139,139.410937,35.701738],[2703994441,139.410583,35.701735],[2703994440,139.409614,35.701729],[921406605,139.408779,35.701725],[11994754046,139.408366,35.701723],[7810629124,139.408048,35.701718],[11994754048,139.407557,35.701697],[11994754047,139.407418,35.701693],[4488322372,139.406757,35.701685],[534229690,139.406597,35.701682],[190138057,139.406177,35.701688],[4488322379,139.40602,35.701686],[912045522,139.405707,35.70168],[11994754051,139.405482,35.701676],[10690613630,139.40534,35.701679],[10690613629,139.404853,35.701692],[10690613632,139.404683,35.701694],[10690613631,139.404515,35.701695],[676131737,139.40401,35.70169],[10690613633,139.403512,35.701687],[912045478,139.404875,35.699821],[7934287104,139.404782,35.699825],[7934287102,139.404679,35.699847],[13266516516,139.404651,35.699854],[1442707201,139.403741,35.700075],[1044359551,139.40353,35.700123]],"edges":[[676197968,676197969],[676197969,676197967],[676197967,676197966],[676197966,907499700],[10690613626,10690613627],[10690613627,10690613628],[10690613628,4488322378],[4488322378,540037143],[540037143,540037425],[540037425,4488322373],[4488322373,11994754045],[11994754045,7706914140],[7706914140,540037427],[540037427,540037577],[540036869,7706914139],[7706914139,2703994441],[2703994441,2703994440],[2703994440,921406605],[921406605,11994754046],[11994754046,7810629124],[7810629124,11994754048],[11994754048,11994754047],[11994754047,4488322372],[4488322372,534229690],[534229690,190138057],[190138057,4488322379],[4488322379,912045522],[912045522,11994754051],[11994754051,10690613630],[10690613630,10690613629],[10690613629,10690613632],[10690613632,10690613631],[10690613631,676131737],[676131737,10690613633],[912045478,7934287104],[7934287104,7934287102],[7934287102,13266516516],[13266516516,1442707201],[1442707201,1044359551]]}