{"nodes":[[287277503,139.409453,35.584077],[5358475625,139.40923,35.583963],[1776954785,139.409151,35.583941],[2309405203,139.40907,35.583938],[5358475627,139.409009,35.583948],[1776954788,139.408939,35.583966],[5358475628,139.408891,35.583994],[1776954792,139.408838,35.584035],[5358475629,139.408778,35.58411],[1776954798,139.408633,35.584355],[5358475630,139.408608,35.584405],[1776954799,139.408557,35.584464],[5358475632,139.408519,35.584496],[1776954801,139.408455,35.584524],[4783856597,139.408229,35.584553],[1776954802,139.408173,35.584563],[1776954804,139.408028,35.584603],[5358475634,139.407961,35.584632],[2309405208,139.407876,35.584674],[5358475633,139.407819,35.584716],[1776954811,139.407759,35.584772],[1776954867,139.406888,35.585731],[5358475636,139.406812,35.585809],[5613564616,139.406757,35.585867],[1776954881,139.406694,35.585911],[5358475637,139.406658,35.585928],[1776954883,139.406593,35.585942],[2309405213,139.406511,35.585948],[1776954877,139.40644,35.58594],[1776954853,139.405121,35.585474],[2309405210,139.40483,35.58537],[2309636658,139.404727,35.585358],[13906911727,139.404684,35.585358],[1776954851,139.404643,35.585361],[5358475642,139.404582,35.585372],[2309405211,139.404537,35.585388],[1776954855,139.404483,35.585412],[2682749924,139.404375,35.585471],[10742732417,139.403843,35.585806],[1776954886,139.403457,35.586046],[4728826636,139.403661,35.585987],[4728826637,139.403846,35.585871],[4728826638,139.403922,35.585818],[4728826639,139.404003,35.585767],[13906911724,139.404386,35.585525]],"edges":[[287277503,5358475625],[5358475625,1776954785],[1776954785,2309405203],[2309405203,5358475627],[5358475627,1776954788],[1776954788,5358475628],[5358475628,1776954792],[1776954792,5358475629],[5358475629,1776954798],[1776954798,5358475630],[5358475630,1776954799],[1776954799,5358475632],[5358475632,1776954801],[1776954801,4783856597],[4783856597,1776954802],[1776954802,1776954804],[1776954804,5358475634],[5358475634,2309405208],[2309405208,5358475633],[5358475633,1776954811],[1776954811,1776954867],[1776954867,5358475636],[5358475636,5613564616],[5613564616,1776954881],[1776954881,5358475637],[5358475637,1776954883],[1776954883,2309405213],[2309405213,1776954877],[1776954877,1776954853],[1776954853,2309405210],[2309405210,2309636658],[2309636658,13906911727],[13906911727,1776954851],[1776954851,5358475642],[5358475642,2309405211],[2309405211,1776954855],[1776954855,2682749924],[2682749924,10742732417],[10742732417,1776954886],[4728826636,4728826637],[4728826637,4728826638],[4728826638,4728826639],[4728826639,13906911724]]}