{"nodes":[[671901745,139.405311,35.682872],[675525934,139.404905,35.682954],[11975473973,139.40427,35.683083],[11975473974,139.403953,35.683152],[10669783465,139.403631,35.683221],[11975473972,139.403408,35.683265],[671901763,139.405508,35.686561],[5903442640,139.405521,35.686525],[765633761,139.40561,35.68647],[2604191652,139.405943,35.686311],[765633762,139.406109,35.686275],[3401398823,139.406168,35.686243],[765633763,139.406198,35.686202],[3401398822,139.406202,35.686159],[2604191624,139.406192,35.686119],[3401398813,139.406153,35.686078],[765633764,139.406096,35.686067],[765633765,139.405493,35.686147],[765633766,139.405173,35.686172],[3401398819,139.404758,35.686192],[765633767,139.404428,35.686183],[765633768,139.403456,35.686145],[13018473093,139.405771,35.688146],[1337689621,139.404792,35.688394],[13018476808,139.404663,35.688492],[1337689567,139.404265,35.688819],[1518913832,139.40413,35.688906],[1337689561,139.403846,35.689045],[1337689534,139.402659,35.689559]],"edges":[[671901745,675525934],[675525934,11975473973],[11975473973,11975473974],[11975473974,10669783465],[10669783465,11975473972],[671901763,5903442640],[5903442640,765633761],[765633761,2604191652],[2604191652,765633762],[765633762,3401398823],[3401398823,765633763],[765633763,3401398822],[3401398822,2604191624],[2604191624,3401398813],[3401398813,765633764],[765633764,765633765],[765633765,765633766],[765633766,3401398819],[3401398819,765633767],[765633767,765633768],[13018473093,1337689621],[1337689621,13018476808],[13018476808,1337689567],[1337689567,1518913832],[1518913832,1337689561],[1337689561,1337689534]]}