{"nodes":[[274281084,139.404975,35.632255],[9580555302,139.404902,35.632329],[9580555300,139.404851,35.632385],[4547551647,139.404822,35.632424],[2455771973,139.404727,35.63253],[274079968,139.405438,35.632457],[9580555299,139.405243,35.632302],[13740429159,139.405195,35.632261],[274281067,139.405073,35.632158],[13740429189,139.40496,35.632069],[9580555304,139.40486,35.631991],[9580555298,139.404479,35.631683],[9580555293,139.404051,35.631333],[9580555292,139.403813,35.631142],[13740437703,139.403767,35.631107],[275989396,139.403678,35.631039],[274079971,139.403576,35.630944]],"edges":[[274281084,9580555302],[9580555302,9580555300],[9580555300,4547551647],[4547551647,2455771973],[274079968,9580555299],[9580555299,13740429159],[13740429159,274281067],[274281067,13740429189],[13740429189,9580555304],[9580555304,9580555298],[9580555298,9580555293],[9580555293,9580555292],[9580555292,13740437703],[13740437703,275989396],[275989396,274079971]]}