{"nodes":[[2455771973,139.404727,35.63253],[2454825660,139.404529,35.632765],[6319040779,139.404369,35.632947],[4835691350,139.404029,35.633356],[4835677458,139.403678,35.633772],[13740437712,139.403614,35.633854],[274079440,139.407321,35.633663],[13740336205,139.4072,35.633599],[274079965,139.406977,35.633482],[11925744768,139.406566,35.633237],[2824483183,139.406511,35.633204],[310171888,139.406102,35.632947],[274079967,139.405834,35.63276],[12096794840,139.405591,35.63258],[274079968,139.405438,35.632457],[267199595,139.403842,35.639135],[9519338759,139.403706,35.639111],[267199596,139.403585,35.639093]],"edges":[[2455771973,2454825660],[2454825660,6319040779],[6319040779,4835691350],[4835691350,4835677458],[4835677458,13740437712],[274079440,13740336205],[13740336205,274079965],[274079965,11925744768],[11925744768,2824483183],[2824483183,310171888],[310171888,274079967],[274079967,12096794840],[12096794840,274079968],[267199595,9519338759],[9519338759,267199596]]}