{"nodes":[[296152441,139.403639,35.666214],[2097502528,139.40379,35.666199],[2097502526,139.403935,35.666175],[11870926172,139.404095,35.666144],[296152442,139.404255,35.666103],[11870926171,139.404688,35.666001],[953909330,139.405114,35.665898],[11870926169,139.405516,35.665801],[873564941,139.405927,35.665703],[11093775782,139.406435,35.665569],[296152445,139.406684,35.6655],[11870926168,139.406754,35.665486],[873564930,139.407241,35.665428],[9519271088,139.407398,35.665411],[11870926167,139.40749,35.665405],[296152450,139.407584,35.665417],[664472051,139.408478,35.663978],[692760404,139.408347,35.663995],[11870802046,139.408014,35.664035],[11870802047,139.407897,35.664049],[692760405,139.407794,35.664066],[11870802044,139.407682,35.664103],[9031970158,139.407581,35.664137],[692760406,139.407436,35.664178],[11870802043,139.407324,35.664211],[9031970157,139.407224,35.664243],[11870802042,139.407131,35.664272],[692760407,139.407065,35.664296],[692760408,139.406894,35.664353],[9031970156,139.406634,35.664449],[692760409,139.406506,35.664487],[9031970152,139.406406,35.664517],[9031970150,139.406295,35.664546],[9031970151,139.406199,35.664568],[692760410,139.406105,35.664588],[11870802041,139.406062,35.664595],[9031970149,139.406021,35.664601],[9031970147,139.405939,35.66461],[9031970148,139.405856,35.664617],[692760411,139.405784,35.66462],[9031970144,139.405711,35.664622],[9031970143,139.405648,35.664623],[11870802040,139.40545,35.664618],[692760412,139.405265,35.664609],[9031970139,139.405043,35.664601],[692760413,139.404867,35.664593],[9031970138,139.404753,35.664585],[9031970137,139.40463,35.664575],[9031970136,139.404403,35.66456],[692760414,139.403906,35.664523],[9031970135,139.403541,35.664496]],"edges":[[296152441,2097502528],[2097502528,2097502526],[2097502526,11870926172],[11870926172,296152442],[296152442,11870926171],[11870926171,953909330],[953909330,11870926169],[11870926169,873564941],[873564941,11093775782],[11093775782,296152445],[296152445,11870926168],[11870926168,873564930],[873564930,9519271088],[9519271088,11870926167],[11870926167,296152450],[664472051,692760404],[692760404,11870802046],[11870802046,11870802047],[11870802047,692760405],[692760405,11870802044],[11870802044,9031970158],[9031970158,692760406],[692760406,11870802043],[11870802043,9031970157],[9031970157,11870802042],[11870802042,692760407],[692760407,692760408],[692760408,9031970156],[9031970156,692760409],[692760409,9031970152],[9031970152,9031970150],[9031970150,9031970151],[9031970151,692760410],[692760410,11870802041],[11870802041,9031970149],[9031970149,9031970147],[9031970147,9031970148],[9031970148,692760411],[692760411,9031970144],[9031970144,9031970143],[9031970143,11870802040],[11870802040,692760412],[692760412,9031970139],[9031970139,692760413],[692760413,9031970138],[9031970138,9031970137],[9031970137,9031970136],[9031970136,692760414],[692760414,9031970135]]}