{"nodes":[[676155895,139.417734,35.732009],[7937678729,139.417726,35.731945],[7937678735,139.41765,35.731926],[12142078715,139.417392,35.731924],[6566941592,139.417161,35.731918],[676155897,139.416741,35.731884],[694832885,139.416545,35.731862],[676155894,139.415644,35.73176],[1339447017,139.414557,35.731631],[12142078725,139.414082,35.731577],[12142078726,139.413862,35.731549],[676155892,139.413642,35.731517],[12142078724,139.41343,35.731488]],"edges":[[676155895,7937678729],[7937678729,7937678735],[7937678735,12142078715],[12142078715,6566941592],[6566941592,676155897],[676155897,694832885],[694832885,676155894],[676155894,1339447017],[1339447017,12142078725],[12142078725,12142078726],[12142078726,676155892],[676155892,12142078724]]}