{"nodes":[[2012426135,139.166032,35.562542],[2012426138,139.166248,35.562708],[2012426140,139.166162,35.563126],[2012426148,139.166216,35.563476],[2012426151,139.166181,35.563695],[2012426153,139.165926,35.563925],[2012426154,139.165812,35.564124],[2012426155,139.165502,35.564452],[1654468654,139.165268,35.564702],[2012426156,139.165086,35.565052],[2012426157,139.164768,35.565278],[2012426158,139.164479,35.565384],[2012426159,139.16414,35.56554],[2012426160,139.1639,35.565563],[2012426161,139.163796,35.565596],[2012426162,139.163606,35.565656],[2012426165,139.163891,35.566293],[2012426166,139.164283,35.566611],[2012426167,139.164499,35.566913],[2012426168,139.164956,35.567105],[2012426169,139.165143,35.567437],[1654472796,139.165449,35.567729],[2012426171,139.165645,35.56809],[2012426172,139.165848,35.568422],[2012426173,139.16582,35.56881],[2012426174,139.165934,35.569321],[2012426175,139.165828,35.569685],[2012426176,139.165816,35.570193],[2012426177,139.165924,35.570456],[2012426178,139.166252,35.570713],[2012426179,139.166941,35.571045],[2012426180,139.167271,35.571257],[2012426181,139.167447,35.571317],[2012426182,139.167659,35.571705],[2012426183,139.167655,35.57199],[2012426186,139.167288,35.572431],[2012426188,139.167304,35.57263],[2012426187,139.168021,35.572451],[2012426185,139.168531,35.572255],[2012426184,139.168845,35.572232],[1985909537,139.169417,35.572441],[4161651003,139.169408,35.572476],[4149633147,139.169381,35.572515]],"edges":[[2012426135,2012426138],[2012426138,2012426140],[2012426140,2012426148],[2012426148,2012426151],[2012426151,2012426153],[2012426153,2012426154],[2012426154,2012426155],[2012426155,1654468654],[1654468654,2012426156],[2012426156,2012426157],[2012426157,2012426158],[2012426158,2012426159],[2012426159,2012426160],[2012426160,2012426161],[2012426161,2012426162],[2012426165,2012426166],[2012426166,2012426167],[2012426167,2012426168],[2012426168,2012426169],[2012426169,1654472796],[1654472796,2012426171],[2012426171,2012426172],[2012426172,2012426173],[2012426173,2012426174],[2012426174,2012426175],[2012426175,2012426176],[2012426176,2012426177],[2012426177,2012426178],[2012426178,2012426179],[2012426179,2012426180],[2012426180,2012426181],[2012426181,2012426182],[2012426182,2012426183],[2012426183,2012426186],[2012426186,2012426188],[2012426187,2012426185],[2012426185,2012426184],[2012426184,1985909537],[1985909537,4161651003],[4161651003,4149633147]]}