{"nodes":[[9555529924,139.166012,35.560477],[9555529931,139.165983,35.560536],[9555529932,139.165892,35.560602],[9555529933,139.165777,35.560662],[2012426119,139.165721,35.560708],[2012426121,139.165645,35.560857],[2012426123,139.165771,35.561086],[2012426125,139.165828,35.561265],[2012426127,139.165702,35.56159],[2012426129,139.165734,35.561865],[2012426131,139.165661,35.56221],[2012426133,139.165828,35.562409],[2012426135,139.166032,35.562542]],"edges":[[9555529924,9555529931],[9555529931,9555529932],[9555529932,9555529933],[9555529933,2012426119],[2012426119,2012426121],[2012426121,2012426123],[2012426123,2012426125],[2012426125,2012426127],[2012426127,2012426129],[2012426129,2012426131],[2012426131,2012426133],[2012426133,2012426135]]}