{"nodes":[[1401017731,139.170084,35.71285],[1401017770,139.170306,35.713054],[1401017846,139.171055,35.713447],[1401017945,139.170824,35.71404],[1401018068,139.170822,35.714353],[1512847222,139.170991,35.714464],[1512847227,139.171189,35.714697],[1512847243,139.171404,35.714802],[1512847245,139.171693,35.714869],[1512847253,139.172037,35.715326],[1512847273,139.172195,35.715707],[1512847276,139.172544,35.715923],[1512847279,139.172959,35.715856],[1512847313,139.173348,35.716274],[1512847317,139.173555,35.716413],[1512847345,139.174314,35.716624],[9610829838,139.163652,35.722465],[314934578,139.163743,35.722437],[314934368,139.163976,35.722399],[2422777547,139.164614,35.722305],[314934369,139.164817,35.722279],[2422777543,139.165038,35.722265],[314934370,139.165342,35.722256],[9610979628,139.16556,35.722248],[2422777531,139.165787,35.722257],[314934371,139.166022,35.722285],[2422777535,139.166384,35.722336],[9350758158,139.167014,35.722429],[2422777539,139.167235,35.722463],[9610979626,139.167458,35.72251]],"edges":[[1401017731,1401017770],[1401017770,1401017846],[1401017846,1401017945],[1401017945,1401018068],[1401018068,1512847222],[1512847222,1512847227],[1512847227,1512847243],[1512847243,1512847245],[1512847245,1512847253],[1512847253,1512847273],[1512847273,1512847276],[1512847276,1512847279],[1512847279,1512847313],[1512847313,1512847317],[1512847317,1512847345],[9610829838,314934578],[314934578,314934368],[314934368,2422777547],[2422777547,314934369],[314934369,2422777543],[2422777543,314934370],[314934370,9610979628],[9610979628,2422777531],[2422777531,314934371],[314934371,2422777535],[2422777535,9350758158],[2422777539,9610979626],[9350758158,2422777539]]}