{"nodes":[[1512848487,139.172894,35.738343],[1512848485,139.172996,35.738271],[1512848478,139.173355,35.738053],[1512848461,139.173956,35.73763],[9758865737,139.17349,35.732527],[9758865738,139.173552,35.732687]],"edges":[[1512848487,1512848485],[1512848485,1512848478],[1512848478,1512848461],[9758865737,9758865738]]}