{"nodes":[[1512846920,139.182947,35.710007],[1512846913,139.182789,35.709906],[1512846883,139.182492,35.709477],[1512846881,139.182374,35.709467],[1512846887,139.182264,35.709546],[1512846896,139.182243,35.709792],[1512846914,139.182181,35.709951],[1512846918,139.182105,35.710007],[1512846947,139.181408,35.710092],[1512847003,139.181042,35.710277],[1512847005,139.18089,35.710289],[1512846968,139.180593,35.710137],[1512846988,139.180206,35.710204],[1512846962,139.180013,35.710114],[1512846943,139.179806,35.710079],[1512846996,139.179654,35.710261],[1730528245,139.179518,35.710329],[1730528248,139.179386,35.71032],[1730528250,139.179159,35.710194],[1730528240,139.178946,35.709984],[1730528254,139.178746,35.709902],[1730528256,139.178655,35.709732],[1730528260,139.178184,35.709601],[1730528268,139.177603,35.709872],[1730528274,139.177405,35.709876],[1730528237,139.177342,35.709788],[1730528299,139.177303,35.709428],[1730528303,139.177351,35.709162],[1730528309,139.177228,35.708887],[1730528314,139.177378,35.708643],[1730528316,139.17761,35.708538],[1730528322,139.177657,35.708434],[1730528324,139.177439,35.708394],[1730528339,139.177298,35.708461],[1730528344,139.176602,35.708351],[1730528359,139.176006,35.707527],[1730528360,139.175904,35.707554],[1730528352,139.175769,35.707764],[1730528393,139.175722,35.708582],[12372751728,139.174022,35.70915],[12372751727,139.174279,35.709039],[12372751726,139.174386,35.708882],[12372751725,139.174574,35.708849],[12372751724,139.174499,35.70873],[12372751723,139.174526,35.708699],[12372751722,139.17462,35.70871],[12372751721,139.174679,35.708638],[12372751720,139.174813,35.708623],[12372751719,139.175304,35.708852],[12372751718,139.175419,35.709089],[12372751717,139.175829,35.70952],[12372751716,139.17614,35.709681],[12372751715,139.176554,35.709681],[12372751714,139.176728,35.709723],[12372751713,139.176824,35.709862],[12372751712,139.177071,35.709986],[12372751711,139.177136,35.710095],[12372751710,139.177272,35.710161],[12372751709,139.177916,35.710185],[12372751708,139.178013,35.71015],[12372751707,139.178281,35.710254],[12372751706,139.179555,35.711038],[12372751705,139.180156,35.710969],[12372751704,139.181183,35.710984],[12372751703,139.182036,35.710788],[12372751702,139.18258,35.710801],[12372724398,139.18414,35.710946]],"edges":[[1512846920,1512846913],[1512846913,1512846883],[1512846883,1512846881],[1512846881,1512846887],[1512846887,1512846896],[1512846896,1512846914],[1512846914,1512846918],[1512846918,1512846947],[1512846947,1512847003],[1512847003,1512847005],[1512847005,1512846968],[1512846968,1512846988],[1512846988,1512846962],[1512846962,1512846943],[1512846943,1512846996],[1512846996,1730528245],[1730528245,1730528248],[1730528248,1730528250],[1730528250,1730528240],[1730528240,1730528254],[1730528254,1730528256],[1730528256,1730528260],[1730528260,1730528268],[1730528268,1730528274],[1730528274,1730528237],[1730528237,1730528299],[1730528299,1730528303],[1730528303,1730528309],[1730528309,1730528314],[1730528314,1730528316],[1730528316,1730528322],[1730528322,1730528324],[1730528324,1730528339],[1730528339,1730528344],[1730528344,1730528359],[1730528359,1730528360],[1730528360,1730528352],[1730528352,1730528393],[12372751728,12372751727],[12372751727,12372751726],[12372751726,12372751725],[12372751725,12372751724],[12372751724,12372751723],[12372751723,12372751722],[12372751722,12372751721],[12372751721,12372751720],[12372751720,12372751719],[12372751719,12372751718],[12372751718,12372751717],[12372751717,12372751716],[12372751716,12372751715],[12372751715,12372751714],[12372751714,12372751713],[12372751713,12372751712],[12372751712,12372751711],[12372751711,12372751710],[12372751710,12372751709],[12372751709,12372751708],[12372751708,12372751707],[12372751707,12372751706],[12372751706,12372751705],[12372751705,12372751704],[12372751704,12372751703],[12372751703,12372751702],[12372751702,12372724398]]}