{"nodes":[[1654477388,139.186243,35.57222],[1654477393,139.186218,35.57223],[1654477409,139.186135,35.572286],[1654477625,139.185777,35.572585],[1654477365,139.185858,35.572116],[1654477264,139.185881,35.571898],[6849422534,139.185906,35.57177],[6849422536,139.185998,35.571695],[6849422535,139.186017,35.571635],[1654477220,139.18599,35.571549],[1654477494,139.18991,35.572477],[1654477462,139.189772,35.572382],[1654477394,139.189579,35.572225],[1654477382,139.189476,35.572184],[1654477381,139.189297,35.572184],[1654477404,139.18918,35.572264],[1654477461,139.189104,35.572382],[1654477472,139.189091,35.572427],[1654477648,139.189154,35.572617],[1654477572,139.188684,35.5725],[1654477567,139.188567,35.572505],[1654477641,139.188257,35.572624],[1654477492,139.187747,35.572484],[1654477467,139.18763,35.572405],[1654477460,139.187472,35.572377],[1654477431,139.187251,35.572292],[1654477403,139.18721,35.572264],[1654477390,139.187079,35.572219],[1654477389,139.186874,35.572197],[1654477400,139.186762,35.572253],[1654477399,139.186607,35.572232],[1654477369,139.186411,35.572174],[1654477380,139.186342,35.572179]],"edges":[[1654477388,1654477393],[1654477393,1654477409],[1654477409,1654477625],[1654477365,1654477264],[1654477264,6849422534],[6849422534,6849422536],[6849422536,6849422535],[6849422535,1654477220],[1654477494,1654477462],[1654477462,1654477394],[1654477394,1654477382],[1654477382,1654477381],[1654477381,1654477404],[1654477404,1654477461],[1654477461,1654477472],[1654477472,1654477648],[1654477572,1654477567],[1654477567,1654477641],[1654477492,1654477467],[1654477467,1654477460],[1654477460,1654477431],[1654477431,1654477403],[1654477403,1654477390],[1654477390,1654477389],[1654477389,1654477400],[1654477400,1654477399],[1654477399,1654477369],[1654477369,1654477380],[1654477380,1654477388]]}