{"nodes":[[1457211906,139.190021,35.687514],[1457211902,139.189935,35.687498],[1457211897,139.189786,35.687493],[1457211901,139.189665,35.687498],[1457211910,139.189548,35.68752],[1457212129,139.189375,35.687594],[1457212161,139.189251,35.687673],[1457212189,139.189168,35.687723],[1457212456,139.188968,35.687859],[1457212550,139.188851,35.687921],[1457212570,139.188757,35.687949],[1457212585,139.188645,35.687972],[1457212597,139.188492,35.687994],[1457212596,139.188167,35.687994],[1457212572,139.187636,35.687954],[1457212556,139.187253,35.687922],[1457212563,139.186911,35.687932],[1457212634,139.186489,35.688005],[1457213181,139.186282,35.688101],[1457214079,139.185922,35.688337],[1457214199,139.185834,35.688416],[1457214798,139.185654,35.688608],[1457215330,139.185571,35.688669],[1457215435,139.185544,35.688679],[1457215567,139.185164,35.688692],[1457215943,139.184977,35.688743],[1457216440,139.184632,35.688872],[1457216795,139.184412,35.688968],[1457216839,139.184329,35.688985],[1457216838,139.184162,35.688985],[1457216519,139.183832,35.688883],[1457216057,139.183631,35.688799],[1457215692,139.183459,35.688703],[1457216694,139.193428,35.688922],[1457216693,139.193276,35.688922],[1457216486,139.193173,35.688877],[1457215579,139.192938,35.688697],[1457214714,139.192827,35.68858],[1457214080,139.192461,35.688337],[1457212590,139.192102,35.687982],[1457212393,139.191868,35.68783],[1457212371,139.191688,35.687779],[1457212275,139.191571,35.687745],[1457212219,139.191412,35.687729],[1457212173,139.190839,35.687717],[1457212165,139.190666,35.687689],[1457211928,139.190141,35.687538]],"edges":[[1457211906,1457211902],[1457211902,1457211897],[1457211897,1457211901],[1457211901,1457211910],[1457211910,1457212129],[1457212129,1457212161],[1457212161,1457212189],[1457212189,1457212456],[1457212456,1457212550],[1457212550,1457212570],[1457212570,1457212585],[1457212585,1457212597],[1457212597,1457212596],[1457212596,1457212572],[1457212572,1457212556],[1457212556,1457212563],[1457212563,1457212634],[1457212634,1457213181],[1457213181,1457214079],[1457214079,1457214199],[1457214199,1457214798],[1457214798,1457215330],[1457215330,1457215435],[1457215435,1457215567],[1457215567,1457215943],[1457215943,1457216440],[1457216440,1457216795],[1457216795,1457216839],[1457216839,1457216838],[1457216838,1457216519],[1457216519,1457216057],[1457216057,1457215692],[1457216694,1457216693],[1457216693,1457216486],[1457216486,1457215579],[1457215579,1457214714],[1457214714,1457214080],[1457214080,1457212590],[1457212590,1457212393],[1457212393,1457212371],[1457212371,1457212275],[1457212275,1457212219],[1457212219,1457212173],[1457212173,1457212165],[1457212165,1457211928],[1457211928,1457211906]]}