{"nodes":[[1654499358,139.187312,35.602593],[1654499359,139.187327,35.60262],[1654499372,139.187323,35.602652],[1654499375,139.187305,35.602673],[1654499388,139.18727,35.602695],[1654499398,139.18705,35.602734],[1654499405,139.186649,35.602757],[1654499404,139.186505,35.602751],[1654499397,139.18636,35.602734],[1654499367,139.186043,35.602627],[1654499357,139.185905,35.6026],[1654499356,139.185862,35.602604],[1654499365,139.185818,35.602626],[1654499366,139.185817,35.602626],[1654499374,139.185808,35.602661],[1654499391,139.185815,35.602717],[1654499575,139.186347,35.603162],[1654499709,139.186402,35.603224],[1654499795,139.186442,35.603314],[1654499847,139.186458,35.603385],[4821618833,139.189306,35.612467],[4821618837,139.189051,35.612388],[4821618836,139.188635,35.612451],[6713755883,139.189334,35.612356],[4821618838,139.189455,35.612338],[4821618848,139.189893,35.612372],[4821618839,139.190732,35.612439],[6713755904,139.190748,35.61242],[4821618840,139.19084,35.612311],[13275898781,139.190989,35.612369],[4821618841,139.1916,35.612606],[6713755872,139.189944,35.612482],[6713755871,139.189912,35.612481],[6713755870,139.189889,35.612457],[6713755874,139.189876,35.612712],[6713755907,139.190677,35.612466],[6713755884,139.189995,35.612415],[6713755875,139.189987,35.612424],[6713755876,139.18999,35.612459],[6713755877,139.190281,35.612476],[6713755878,139.190289,35.612462],[6713755879,139.190349,35.612463],[6713755880,139.19036,35.612492],[6713755881,139.190348,35.612655],[6713755909,139.190577,35.612503],[6713755908,139.190635,35.612503],[6713755906,139.190714,35.612469],[6713755905,139.190765,35.612432],[6713755903,139.190663,35.61237],[6713755902,139.190545,35.612366],[6713755901,139.190537,35.612376],[6713755900,139.189809,35.612326],[6713755899,139.189452,35.612299],[6713755898,139.189448,35.612194],[6713755897,139.189368,35.612199],[6713755896,139.189372,35.612309],[6713755895,139.189267,35.612321],[6713755894,139.189452,35.61242],[6713755893,139.189472,35.612383],[6713755892,139.189731,35.612377],[6713755891,139.189806,35.612409],[6713755890,139.189796,35.612745],[6713755888,139.189891,35.61241],[6713755887,139.189908,35.612402],[6713755886,139.18994,35.6124],[6713755885,139.189976,35.612402],[10866183624,139.188398,35.612497],[10866183623,139.188558,35.61245]],"edges":[[1654499358,1654499359],[1654499359,1654499372],[1654499372,1654499375],[1654499375,1654499388],[1654499388,1654499398],[1654499398,1654499405],[1654499405,1654499404],[1654499404,1654499397],[1654499397,1654499367],[1654499367,1654499357],[1654499357,1654499356],[1654499356,1654499365],[1654499365,1654499366],[1654499366,1654499374],[1654499374,1654499391],[1654499391,1654499575],[1654499575,1654499709],[1654499709,1654499795],[1654499795,1654499847],[4821618833,4821618837],[4821618836,4821618837],[4821618837,6713755883],[6713755883,4821618838],[4821618838,4821618848],[4821618848,4821618839],[4821618839,6713755904],[6713755904,4821618840],[4821618840,13275898781],[13275898781,4821618841],[6713755872,6713755871],[6713755871,6713755870],[6713755870,6713755874],[6713755907,6713755884],[6713755884,6713755875],[6713755875,6713755876],[6713755876,6713755877],[6713755877,6713755878],[6713755878,6713755879],[6713755879,6713755880],[6713755880,6713755881],[6713755909,6713755908],[6713755908,6713755907],[6713755907,6713755906],[6713755906,6713755905],[6713755905,6713755904],[6713755904,6713755903],[6713755903,6713755902],[6713755902,6713755901],[6713755901,6713755900],[6713755900,6713755899],[6713755899,6713755898],[6713755898,6713755897],[6713755897,6713755896],[6713755896,6713755895],[6713755895,6713755883],[6713755883,6713755894],[6713755894,6713755893],[6713755893,6713755892],[6713755892,6713755891],[6713755891,6713755890],[6713755870,6713755888],[6713755888,6713755887],[6713755887,6713755886],[6713755886,6713755885],[6713755885,6713755884],[10866183624,10866183623],[10866183623,4821618836]]}