{"nodes":[[3805304447,139.197,35.572438],[9555452775,139.197154,35.572391],[3805304446,139.19736,35.572349],[3805304445,139.197554,35.57232],[9555452774,139.197645,35.572302],[3805304444,139.19773,35.57228],[3805304443,139.197827,35.572234],[3805304442,139.19791,35.572163],[3805304441,139.197975,35.572091],[3805304440,139.198061,35.571984],[3805304436,139.198127,35.571886],[3805304429,139.198246,35.571724],[9555452772,139.198281,35.571684],[3805304428,139.198326,35.571642],[9555452771,139.198375,35.571612],[3805304425,139.198435,35.571576],[9555452770,139.198524,35.571548],[3805304422,139.19861,35.571529],[3805304420,139.198695,35.571525],[3805304421,139.198785,35.571533],[3805304423,139.198846,35.571552],[3805304426,139.198914,35.571581],[9555452769,139.198965,35.571611],[3805304427,139.199005,35.571652],[9555452768,139.199032,35.571713],[3805304431,139.199061,35.571782],[9555452767,139.199086,35.571836],[3805304433,139.199122,35.571879],[3805304435,139.199173,35.571912],[3805304438,139.199236,35.571928],[3805304439,139.199296,35.571898],[3805304437,139.19932,35.571848],[3805304434,139.199334,35.571787],[3805304432,139.199316,35.571699],[3805304430,139.199289,35.571561],[3805304424,139.199273,35.571461],[3805304419,139.199283,35.571397],[3805304418,139.199297,35.57136],[9555452765,139.199343,35.571305],[2572679777,139.199404,35.571258],[2572679770,139.199547,35.571156],[2572679807,139.199584,35.571121],[372551154,139.19964,35.571063],[12539708789,139.19969,35.571003],[3805304417,139.199726,35.570959],[12539708790,139.199785,35.570907],[9555452764,139.199859,35.570864],[2572679772,139.199915,35.570835],[372551202,139.200021,35.570804],[2572679771,139.200408,35.570687],[12539708791,139.200487,35.570669],[9555435779,139.200545,35.570651],[372551207,139.200633,35.570611],[12539708786,139.200746,35.570556],[2572679804,139.200794,35.570525],[12539708787,139.200856,35.570487],[2572679810,139.200914,35.570433],[372551215,139.201119,35.570234],[2572679799,139.201179,35.570166],[12539708788,139.201246,35.570118],[2572679792,139.20132,35.570084],[2572679773,139.201434,35.570059],[2572679781,139.201664,35.570032],[372551221,139.201779,35.570025],[372551230,139.201873,35.570009],[9555452731,139.201969,35.569984],[9555452730,139.202078,35.569933],[372551238,139.20219,35.569873],[1654475278,139.202671,35.569653],[9555435769,139.202835,35.569563],[2572679808,139.202999,35.569472],[2572679778,139.203504,35.569134],[2572671451,139.204198,35.568681]],"edges":[[3805304447,9555452775],[9555452775,3805304446],[3805304446,3805304445],[3805304445,9555452774],[9555452774,3805304444],[3805304444,3805304443],[3805304443,3805304442],[3805304442,3805304441],[3805304441,3805304440],[3805304440,3805304436],[3805304436,3805304429],[3805304429,9555452772],[9555452772,3805304428],[3805304428,9555452771],[9555452771,3805304425],[3805304425,9555452770],[9555452770,3805304422],[3805304422,3805304420],[3805304420,3805304421],[3805304421,3805304423],[3805304423,3805304426],[3805304426,9555452769],[9555452769,3805304427],[3805304427,9555452768],[9555452768,3805304431],[3805304431,9555452767],[9555452767,3805304433],[3805304433,3805304435],[3805304435,3805304438],[3805304438,3805304439],[3805304439,3805304437],[3805304437,3805304434],[3805304434,3805304432],[3805304432,3805304430],[3805304430,3805304424],[3805304424,3805304419],[3805304419,3805304418],[3805304418,9555452765],[9555452765,2572679777],[2572679777,2572679770],[2572679770,2572679807],[2572679807,372551154],[372551154,12539708789],[12539708789,3805304417],[3805304417,12539708790],[12539708790,9555452764],[9555452764,2572679772],[2572679772,372551202],[372551202,2572679771],[2572679771,12539708791],[12539708791,9555435779],[9555435779,372551207],[372551207,12539708786],[12539708786,2572679804],[2572679804,12539708787],[12539708787,2572679810],[2572679810,372551215],[372551215,2572679799],[2572679799,12539708788],[12539708788,2572679792],[2572679792,2572679773],[2572679773,2572679781],[2572679781,372551221],[372551221,372551230],[372551230,9555452731],[9555452731,9555452730],[9555452730,372551238],[372551238,1654475278],[1654475278,9555435769],[9555435769,2572679808],[2572679808,2572679778],[2572679778,2572671451]]}