{"nodes":[[1705381774,139.201423,35.702572],[1705381769,139.201597,35.702572],[1705381771,139.201675,35.702647],[1705381755,139.201793,35.703065],[1705381855,139.20208,35.70312],[1705381839,139.202228,35.703446],[1705381838,139.202174,35.70355],[1705381849,139.201887,35.703804],[1705381817,139.201742,35.704124],[1705381815,139.201541,35.704233],[1705381814,139.201471,35.704324],[1705381813,139.201452,35.704446],[1705381809,139.201583,35.704775],[1705381791,139.201311,35.705722],[1705381758,139.201127,35.705976],[1705381756,139.201007,35.70602],[1705381856,139.200845,35.706001],[3038726239,139.200101,35.706671],[3038726246,139.200135,35.706508],[3038726241,139.200259,35.706388],[1507450185,139.200311,35.706399],[1507450189,139.200344,35.706438],[3038726234,139.200382,35.706563],[3038701632,139.2004,35.706657],[3038701631,139.200414,35.706743],[1507450196,139.200422,35.706883],[3038701629,139.20044,35.70704],[3038701630,139.20047,35.707171],[1507450197,139.200519,35.707272],[3038701626,139.200579,35.70736],[1507450198,139.200656,35.707478],[3038701627,139.200732,35.707589],[3038701625,139.200782,35.707715],[3038726243,139.20078,35.707816],[3038701624,139.200813,35.707898],[3038701623,139.200866,35.707972],[3038726233,139.200952,35.708076],[3038701622,139.20099,35.70815],[3038701621,139.201037,35.708316],[1507450199,139.201091,35.708423],[3038701620,139.201151,35.70855],[1507450201,139.201277,35.708735],[3038701617,139.201358,35.708852],[1507450202,139.201401,35.708949],[3038701619,139.201422,35.70903],[3038701616,139.201433,35.709156],[1507450205,139.201426,35.709393],[1507450208,139.201437,35.709543],[1507450211,139.201478,35.709681],[1507450214,139.201534,35.709823],[3038701618,139.201822,35.710363],[3038701615,139.201947,35.71056],[1507450217,139.202064,35.71069],[3038701628,139.202181,35.710869],[1507450220,139.202298,35.711061],[1507450223,139.202404,35.711278],[3038726244,139.202449,35.711446],[3038701613,139.202512,35.711726],[3038701614,139.202535,35.711876],[1507450226,139.202559,35.71194],[1507450227,139.202607,35.712019],[1507450230,139.202794,35.71231],[1507450232,139.202841,35.712421],[1507450234,139.202865,35.712522],[3038726237,139.200176,35.706423],[3038726235,139.20021,35.706401],[1705381847,139.200742,35.706056],[1705381853,139.200656,35.706092],[1705381834,139.200511,35.706113],[1705381833,139.200382,35.706165],[1705381835,139.200293,35.706215],[1705381831,139.20026,35.706281],[3038726240,139.200256,35.706334]],"edges":[[1705381774,1705381769],[1705381769,1705381771],[1705381771,1705381755],[1705381755,1705381855],[1705381855,1705381839],[1705381839,1705381838],[1705381838,1705381849],[1705381849,1705381817],[1705381817,1705381815],[1705381815,1705381814],[1705381814,1705381813],[1705381813,1705381809],[1705381809,1705381791],[1705381791,1705381758],[1705381758,1705381756],[1705381756,1705381856],[3038726239,3038726246],[3038726241,1507450185],[1507450185,1507450189],[1507450189,3038726234],[3038726234,3038701632],[3038701632,3038701631],[3038701631,1507450196],[1507450196,3038701629],[3038701629,3038701630],[3038701630,1507450197],[1507450197,3038701626],[3038701626,1507450198],[1507450198,3038701627],[3038701627,3038701625],[3038701625,3038726243],[3038726243,3038701624],[3038701624,3038701623],[3038701623,3038726233],[3038726233,3038701622],[3038701622,3038701621],[3038701621,1507450199],[1507450199,3038701620],[3038701620,1507450201],[1507450201,3038701617],[3038701617,1507450202],[1507450202,3038701619],[3038701619,3038701616],[3038701616,1507450205],[1507450205,1507450208],[1507450208,1507450211],[1507450211,1507450214],[1507450214,3038701618],[3038701618,3038701615],[3038701615,1507450217],[1507450217,3038701628],[3038701628,1507450220],[1507450220,1507450223],[1507450223,3038726244],[3038726244,3038701613],[3038701613,3038701614],[3038701614,1507450226],[1507450226,1507450227],[1507450227,1507450230],[1507450230,1507450232],[1507450232,1507450234],[3038726246,3038726237],[3038726237,3038726235],[3038726235,3038726241],[1705381856,1705381847],[1705381847,1705381853],[1705381853,1705381834],[1705381834,1705381833],[1705381833,1705381835],[1705381835,1705381831],[1705381831,3038726240],[3038726240,3038726241]]}