{"nodes":[[1457241229,139.208995,35.692467],[1457240461,139.209069,35.692382],[1457239717,139.20912,35.692283],[1457238571,139.209138,35.692153],[1457236970,139.209139,35.692006],[1457234028,139.209105,35.691817],[1457230735,139.209109,35.69173],[1457230311,139.209167,35.691412],[1457229686,139.209269,35.691244],[1457228044,139.209326,35.691161],[1457227018,139.20946,35.691027],[1457225080,139.209494,35.690929],[2283166227,139.209521,35.690823],[1457224407,139.20952,35.690751],[2283166228,139.209581,35.690674],[1457223463,139.209681,35.690598],[2283166229,139.209757,35.690553],[1457223263,139.209952,35.690498],[1457223256,139.210254,35.690412],[1457223231,139.210522,35.690246],[1457222700,139.21062,35.690067],[1457221418,139.210698,35.689937],[1457221371,139.210801,35.689864],[1457221331,139.210998,35.68985],[1457221306,139.211184,35.689792],[1457221084,139.211492,35.689746],[1457220722,139.21169,35.689615],[1457220259,139.211873,35.689512],[1457220105,139.212034,35.689488],[2283166222,139.212257,35.689482],[1457220085,139.21253,35.689422],[1457220013,139.212773,35.689374],[1457219953,139.212989,35.689324],[8036513462,139.21303,35.689277],[2284637986,139.209099,35.691262],[2284638023,139.206071,35.690874],[2284638021,139.206171,35.690782],[2284638019,139.206278,35.690742],[2284638017,139.206387,35.690732],[2284638013,139.206504,35.690781],[2284638015,139.206715,35.690791],[2284638011,139.206958,35.690699],[2284638007,139.207129,35.690676],[2284638003,139.207303,35.690674],[2284638001,139.207482,35.690686],[2284638005,139.207808,35.69074],[2284638009,139.208157,35.690883],[2284637998,139.208468,35.691051],[2284637996,139.208658,35.69117],[2284637994,139.208764,35.691236],[2284637989,139.208862,35.691269],[2284637991,139.208963,35.69128],[8036513461,139.213096,35.689203],[1457219720,139.213156,35.689135],[1457219316,139.213324,35.689086],[1457219245,139.213528,35.689107],[1457219270,139.213695,35.68912]],"edges":[[1457241229,1457240461],[1457240461,1457239717],[1457239717,1457238571],[1457238571,1457236970],[1457236970,1457234028],[1457234028,1457230735],[1457230735,1457230311],[1457230311,1457229686],[1457229686,1457228044],[1457228044,1457227018],[1457227018,1457225080],[1457225080,2283166227],[2283166227,1457224407],[1457224407,2283166228],[2283166228,1457223463],[1457223463,2283166229],[2283166229,1457223263],[1457223263,1457223256],[1457223256,1457223231],[1457223231,1457222700],[1457222700,1457221418],[1457221418,1457221371],[1457221371,1457221331],[1457221331,1457221306],[1457221306,1457221084],[1457221084,1457220722],[1457220722,1457220259],[1457220259,1457220105],[1457220105,2283166222],[2283166222,1457220085],[1457220085,1457220013],[1457220013,1457219953],[1457219953,8036513462],[2284637986,1457229686],[2284638023,2284638021],[2284638021,2284638019],[2284638019,2284638017],[2284638017,2284638013],[2284638013,2284638015],[2284638015,2284638011],[2284638011,2284638007],[2284638007,2284638003],[2284638003,2284638001],[2284638001,2284638005],[2284638005,2284638009],[2284638009,2284637998],[2284637998,2284637996],[2284637996,2284637994],[2284637994,2284637989],[2284637989,2284637991],[2284637991,2284637986],[8036513461,1457219720],[1457219720,1457219316],[1457219316,1457219245],[1457219245,1457219270],[8036513462,8036513461]]}