{"nodes":[[1457243977,139.207711,35.692937],[1457244423,139.207545,35.693212],[1457244701,139.207489,35.69326],[1457244924,139.207417,35.69329],[1457245041,139.20708,35.693224],[1457245287,139.206942,35.693235],[1457245476,139.206409,35.6935],[1457248187,139.205866,35.69361],[1457249436,139.20578,35.693644],[1457250866,139.205684,35.693741],[1457250935,139.205503,35.6938],[1457251010,139.205334,35.693875],[1457251033,139.205156,35.693982],[2283142133,139.204859,35.69413],[2283142131,139.204803,35.694171],[2283142132,139.204607,35.694208],[11202724528,139.205153,35.702365],[1457274581,139.205442,35.702021],[11202724530,139.205635,35.701619],[1457274079,139.205322,35.700961],[1457273488,139.204897,35.700454],[1457272651,139.205061,35.699947],[1457271425,139.205061,35.69979],[1457270690,139.204998,35.699699],[1457270296,139.204225,35.699485],[1457268968,139.203509,35.699067],[1457243260,139.207891,35.692837],[1457243184,139.208033,35.692771],[1457242553,139.208197,35.692711],[1457241978,139.208474,35.692647],[1457241870,139.208671,35.692627],[2283166230,139.208807,35.692596],[1457241584,139.208896,35.692542],[1457241229,139.208995,35.692467],[2367583810,139.211439,35.702493],[2367583886,139.211465,35.702409],[2367583882,139.211541,35.702345],[2367583780,139.211622,35.70231],[2367583779,139.211749,35.702287],[2367583684,139.211858,35.702289],[2367583837,139.211996,35.702283],[2367583826,139.212185,35.702336],[2367583655,139.212355,35.702405],[2367583760,139.21248,35.702445],[2367583658,139.212574,35.702438],[2367583672,139.212651,35.702384],[2367583661,139.212714,35.702307],[2367583675,139.212719,35.702209],[2367583845,139.212692,35.702111],[2367583774,139.212581,35.701978],[2367583725,139.212431,35.701856],[2367583700,139.212313,35.701743],[2367583809,139.212221,35.701656],[2367583827,139.21218,35.701557],[2367583815,139.212162,35.701455],[2367583668,139.212221,35.701329],[2367583673,139.21249,35.700763],[2367583872,139.212593,35.700668],[2367583864,139.212688,35.700645],[2367583799,139.21278,35.700668],[2367583763,139.212864,35.70076],[2367583663,139.212951,35.700851],[2367583719,139.213041,35.700909],[2367583860,139.213156,35.700942],[2367583878,139.213278,35.700963],[2367583682,139.213412,35.700941],[2367583693,139.213546,35.700928],[2367583715,139.213648,35.700932]],"edges":[[1457243977,1457244423],[1457244423,1457244701],[1457244701,1457244924],[1457244924,1457245041],[1457245041,1457245287],[1457245287,1457245476],[1457245476,1457248187],[1457248187,1457249436],[1457249436,1457250866],[1457250866,1457250935],[1457250935,1457251010],[1457251010,1457251033],[1457251033,2283142133],[2283142133,2283142131],[2283142131,2283142132],[11202724528,1457274581],[1457274581,11202724530],[11202724530,1457274079],[1457274079,1457273488],[1457273488,1457272651],[1457272651,1457271425],[1457271425,1457270690],[1457270690,1457270296],[1457270296,1457268968],[1457243977,1457243260],[1457243260,1457243184],[1457243184,1457242553],[1457242553,1457241978],[1457241978,1457241870],[1457241870,2283166230],[2283166230,1457241584],[1457241584,1457241229],[2367583810,2367583886],[2367583886,2367583882],[2367583882,2367583780],[2367583780,2367583779],[2367583779,2367583684],[2367583684,2367583837],[2367583837,2367583826],[2367583826,2367583655],[2367583655,2367583760],[2367583760,2367583658],[2367583658,2367583672],[2367583672,2367583661],[2367583661,2367583675],[2367583675,2367583845],[2367583845,2367583774],[2367583774,2367583725],[2367583725,2367583700],[2367583700,2367583809],[2367583809,2367583827],[2367583827,2367583815],[2367583815,2367583668],[2367583668,2367583673],[2367583673,2367583872],[2367583872,2367583864],[2367583864,2367583799],[2367583799,2367583763],[2367583763,2367583663],[2367583663,2367583719],[2367583719,2367583860],[2367583860,2367583878],[2367583878,2367583682],[2367583682,2367583693],[2367583693,2367583715]]}