{"nodes":[[1654477231,139.221886,35.572043],[1654477244,139.221684,35.572118],[11881255321,139.221621,35.572117],[6850252397,139.221577,35.572105],[1654477243,139.221486,35.572047],[1654477245,139.2213,35.571996],[1654477266,139.221029,35.572029],[1654477265,139.220961,35.572041],[1654477286,139.22081,35.572088],[1654477337,139.220465,35.572164],[1654477362,139.220305,35.57226],[1654477405,139.220279,35.572318],[6878627913,139.220306,35.572695],[1654477383,139.218989,35.572182],[12662755373,139.219009,35.57232],[1654477574,139.219034,35.572498],[12662740135,139.219035,35.572548]],"edges":[[1654477231,1654477244],[1654477244,11881255321],[11881255321,6850252397],[6850252397,1654477243],[1654477243,1654477245],[1654477245,1654477266],[1654477266,1654477265],[1654477265,1654477286],[1654477286,1654477337],[1654477337,1654477362],[1654477362,1654477405],[1654477405,6878627913],[1654477383,12662755373],[12662755373,1654477574],[1654477574,12662740135]]}