{"nodes":[[1457220760,139.21613,35.689689],[1457220550,139.216515,35.689515],[1457220059,139.216677,35.689418],[1457219792,139.216905,35.689334],[1457219614,139.217102,35.689237],[1457217144,139.217412,35.689079],[1457216002,139.217725,35.688881],[1457215892,139.217852,35.688799],[1457215901,139.218052,35.68883],[1457215945,139.21833,35.688907],[1457216813,139.218613,35.68903],[2283166225,139.218975,35.689139],[1457217030,139.219128,35.689117],[1457217056,139.219268,35.68911],[1457216855,139.21947,35.689049],[1457216826,139.219717,35.689021],[1457216801,139.219867,35.689024],[1457216834,139.21997,35.689039],[1457216843,139.22016,35.68904],[1457216866,139.220287,35.689117],[1457219846,139.220387,35.689233],[1457219873,139.220439,35.689302],[1457219886,139.220575,35.689343],[1457219894,139.220959,35.689319],[1457219897,139.221534,35.689257],[1457219895,139.221859,35.689201],[1457219861,139.222126,35.689253],[1457219862,139.222323,35.689292],[1457219912,139.222463,35.689359],[1457220017,139.222894,35.68953],[1457220091,139.223047,35.689593],[1457220273,139.223179,35.68966],[1457221047,139.223548,35.689896],[1457221093,139.223652,35.689932],[2283183118,139.216063,35.689734],[8036513464,139.216064,35.689742],[2283183144,139.216124,35.690061],[2283183142,139.216135,35.690218],[2283183132,139.216074,35.690335],[2283183117,139.215827,35.690565],[2283183119,139.215788,35.690666],[8036513460,139.21572,35.690812],[8036513459,139.215684,35.69089],[2283183125,139.215679,35.6909],[2283183137,139.215669,35.691057],[2283183128,139.215774,35.69121],[2283183120,139.215902,35.691293],[2283183131,139.215999,35.691341],[2283183127,139.216243,35.69156],[2283183122,139.216303,35.691662],[2283183116,139.216343,35.691873],[2283183126,139.216398,35.692006],[2283183136,139.216497,35.692171],[2283183123,139.216542,35.692261],[2283183133,139.216512,35.692409],[2283183129,139.216419,35.69251],[1457219270,139.213695,35.68912],[1457219564,139.213849,35.6892],[1457219865,139.213994,35.689273],[1457219999,139.214228,35.689459],[1457220088,139.214364,35.68959],[1457220110,139.214488,35.689686],[2283172842,139.214571,35.689795],[1457221052,139.214709,35.689914],[1457221087,139.214977,35.690005],[1457221111,139.215191,35.69001],[1457221117,139.215461,35.690013],[1457221118,139.215584,35.689965],[1457221104,139.215674,35.689921],[1457221059,139.215845,35.689828],[8036513463,139.216069,35.689828],[2283183151,139.21607,35.689847]],"edges":[[1457220760,1457220550],[1457220550,1457220059],[1457220059,1457219792],[1457219792,1457219614],[1457219614,1457217144],[1457217144,1457216002],[1457216002,1457215892],[1457215892,1457215901],[1457215901,1457215945],[1457215945,1457216813],[1457216813,2283166225],[2283166225,1457217030],[1457217030,1457217056],[1457217056,1457216855],[1457216855,1457216826],[1457216826,1457216801],[1457216801,1457216834],[1457216834,1457216843],[1457216843,1457216866],[1457216866,1457219846],[1457219846,1457219873],[1457219873,1457219886],[1457219886,1457219894],[1457219894,1457219897],[1457219897,1457219895],[1457219895,1457219861],[1457219861,1457219862],[1457219862,1457219912],[1457219912,1457220017],[1457220017,1457220091],[1457220091,1457220273],[1457220273,1457221047],[1457221047,1457221093],[2283183118,8036513464],[2283183144,2283183142],[2283183142,2283183132],[2283183132,2283183117],[2283183117,2283183119],[2283183119,8036513460],[8036513459,2283183125],[2283183125,2283183137],[2283183137,2283183128],[2283183128,2283183120],[2283183120,2283183131],[2283183131,2283183127],[2283183127,2283183122],[2283183122,2283183116],[2283183116,2283183126],[2283183126,2283183136],[2283183136,2283183123],[2283183123,2283183133],[2283183133,2283183129],[8036513460,8036513459],[1457219270,1457219564],[1457219564,1457219865],[1457219865,1457219999],[1457219999,1457220088],[1457220088,1457220110],[1457220110,2283172842],[2283172842,1457221052],[1457221052,1457221087],[1457221087,1457221111],[1457221111,1457221117],[1457221117,1457221118],[1457221118,1457221104],[1457221104,1457221059],[1457221059,2283183118],[2283183118,1457220760],[8036513463,2283183151],[2283183151,2283183144],[8036513464,8036513463]]}