{"nodes":[[1457270308,139.22362,35.699662],[1457270469,139.223523,35.699695],[1457270600,139.223392,35.699703],[1457270816,139.223235,35.699722],[1457270914,139.222909,35.699781],[1457271022,139.222767,35.699835],[1457271478,139.222682,35.699902],[1457271828,139.222677,35.69994],[1457272151,139.222698,35.700037],[1457273028,139.222765,35.700064],[1457272995,139.222967,35.699973],[1457272873,139.223096,35.699947],[1457272885,139.223268,35.699958],[1457272926,139.223489,35.700013],[1457273161,139.223884,35.700188],[2367583715,139.213648,35.700932],[2367583781,139.213767,35.700982],[2367583805,139.213858,35.701081],[2367583676,139.213922,35.701237],[2367583738,139.213981,35.701346],[2367583796,139.214127,35.701526],[2367583717,139.21419,35.701695],[2367583821,139.214344,35.702129],[2367583716,139.21441,35.702363],[2367583754,139.214485,35.702509],[2367583764,139.215429,35.702383],[2367583838,139.215547,35.702383],[2367583870,139.215703,35.702435],[2367583892,139.215901,35.702592],[2367583806,139.218847,35.702424],[2367583720,139.218926,35.702281],[2367583666,139.218979,35.70218],[2367583710,139.219053,35.702082],[2367583814,139.219138,35.701981],[2367583877,139.219247,35.701876],[2367583893,139.219401,35.701767],[2367583874,139.219574,35.701683],[2367583729,139.219845,35.701587],[2367583875,139.219965,35.701529],[2367583782,139.220042,35.701426],[2367583785,139.220145,35.701215],[2367583711,139.220229,35.701039],[2367583898,139.220373,35.700845],[2367583762,139.220482,35.700632],[2367583769,139.220558,35.700468],[2367583836,139.220653,35.700342],[2367583850,139.220801,35.700204],[2367583703,139.220999,35.70009],[2367583891,139.221191,35.700009],[2367583795,139.221475,35.699887],[2367583713,139.221727,35.699748],[2367583771,139.221921,35.699634],[2367583807,139.222138,35.699591],[2367583680,139.222333,35.699582],[2367583765,139.222634,35.699591],[2367583681,139.222923,35.699604],[2367583750,139.223187,35.699636],[2367583884,139.223353,35.69966]],"edges":[[1457270308,1457270469],[1457270469,1457270600],[1457270600,1457270816],[1457270816,1457270914],[1457270914,1457271022],[1457271022,1457271478],[1457271478,1457271828],[1457271828,1457272151],[1457272151,1457273028],[1457273028,1457272995],[1457272995,1457272873],[1457272873,1457272885],[1457272885,1457272926],[1457272926,1457273161],[2367583715,2367583781],[2367583781,2367583805],[2367583805,2367583676],[2367583676,2367583738],[2367583738,2367583796],[2367583796,2367583717],[2367583717,2367583821],[2367583821,2367583716],[2367583716,2367583754],[2367583764,2367583838],[2367583838,2367583870],[2367583870,2367583892],[2367583806,2367583720],[2367583720,2367583666],[2367583666,2367583710],[2367583710,2367583814],[2367583814,2367583877],[2367583877,2367583893],[2367583893,2367583874],[2367583874,2367583729],[2367583729,2367583875],[2367583875,2367583782],[2367583782,2367583785],[2367583785,2367583711],[2367583711,2367583898],[2367583898,2367583762],[2367583762,2367583769],[2367583769,2367583836],[2367583836,2367583850],[2367583850,2367583703],[2367583703,2367583891],[2367583891,2367583795],[2367583795,2367583713],[2367583713,2367583771],[2367583771,2367583807],[2367583807,2367583680],[2367583680,2367583765],[2367583765,2367583681],[2367583681,2367583750],[2367583750,2367583884],[2367583884,1457270308]]}