{"nodes":[[1457195809,139.227946,35.685232],[1457195114,139.22805,35.685135],[1457193816,139.228202,35.685042],[1457193042,139.22842,35.684924],[1457191720,139.228822,35.684689],[1457191121,139.229225,35.684336],[1457186694,139.229498,35.684006],[1457183219,139.229618,35.683816],[1457181907,139.229742,35.683619],[1457175190,139.229961,35.683116],[1457173722,139.230064,35.682918],[1457172837,139.230182,35.682772],[1457171815,139.230423,35.68253],[1457171428,139.230493,35.682417],[1457221093,139.223652,35.689932],[1457221122,139.223797,35.689917],[1457221125,139.223953,35.689886],[1457221064,139.224397,35.689719],[1457220939,139.224737,35.689565],[1457220287,139.225016,35.689425],[1457219750,139.225314,35.68918],[1457216849,139.225462,35.689058],[1457216713,139.225725,35.688852],[1457214404,139.226547,35.688345],[1457214076,139.226672,35.688266],[1457212540,139.227098,35.687843],[1457211934,139.227382,35.687431],[1457210528,139.22767,35.687072],[1457208407,139.227755,35.686965],[1457207881,139.227823,35.686847],[1457207154,139.227861,35.686719],[1457205433,139.227871,35.686552],[1457204433,139.227812,35.685923],[1457201935,139.227787,35.685793],[1457197957,139.227764,35.685602],[1457196842,139.227776,35.685482],[1457196105,139.227857,35.685321],[1457239113,139.229381,35.692371],[1457237620,139.229498,35.692196],[1457235785,139.22976,35.691971],[1457234054,139.229961,35.691813],[1457232810,139.230064,35.691711],[1457229524,139.230313,35.691356],[1457228151,139.230458,35.691154],[1457224726,139.230616,35.690844],[1457223431,139.230693,35.690726],[1457222456,139.230831,35.690422],[1457221381,139.230989,35.690163],[1457221329,139.231086,35.690044],[1457221275,139.231189,35.689943],[1457221096,139.2313,35.689864],[1457221062,139.231376,35.68983],[1457220789,139.23181,35.689701],[1457220549,139.232141,35.689627],[1457220540,139.232238,35.689616],[1457220103,139.232452,35.689565],[1457220096,139.232562,35.689554],[1457220086,139.232645,35.689531],[1457220022,139.232914,35.689481],[1457219971,139.233074,35.689436],[1457219967,139.233232,35.68943],[1457219972,139.233403,35.689428],[1457220023,139.233515,35.689451],[1457220122,139.233666,35.689524]],"edges":[[1457195809,1457195114],[1457195114,1457193816],[1457193816,1457193042],[1457193042,1457191720],[1457191720,1457191121],[1457191121,1457186694],[1457186694,1457183219],[1457183219,1457181907],[1457181907,1457175190],[1457175190,1457173722],[1457173722,1457172837],[1457172837,1457171815],[1457171815,1457171428],[1457221093,1457221122],[1457221122,1457221125],[1457221125,1457221064],[1457221064,1457220939],[1457220939,1457220287],[1457220287,1457219750],[1457219750,1457216849],[1457216849,1457216713],[1457216713,1457214404],[1457214404,1457214076],[1457214076,1457212540],[1457212540,1457211934],[1457211934,1457210528],[1457210528,1457208407],[1457208407,1457207881],[1457207881,1457207154],[1457207154,1457205433],[1457205433,1457204433],[1457204433,1457201935],[1457201935,1457197957],[1457197957,1457196842],[1457196842,1457196105],[1457196105,1457195809],[1457239113,1457237620],[1457237620,1457235785],[1457235785,1457234054],[1457234054,1457232810],[1457232810,1457229524],[1457229524,1457228151],[1457228151,1457224726],[1457224726,1457223431],[1457223431,1457222456],[1457222456,1457221381],[1457221381,1457221329],[1457221329,1457221275],[1457221275,1457221096],[1457221096,1457221062],[1457221062,1457220789],[1457220789,1457220549],[1457220549,1457220540],[1457220540,1457220103],[1457220103,1457220096],[1457220096,1457220086],[1457220086,1457220022],[1457220022,1457219971],[1457219971,1457219967],[1457219967,1457219972],[1457219972,1457220023],[1457220023,1457220122]]}