{"nodes":[[1794539050,139.232871,35.74436],[291419979,139.232345,35.744163],[1081080123,139.232025,35.74402],[291419980,139.231784,35.743885],[291419981,139.231358,35.743645],[13183373038,139.231027,35.743451],[291419982,139.230697,35.743258],[1081080016,139.230585,35.743187],[291419995,139.23041,35.743054],[1081079191,139.230317,35.74298],[11999839066,139.230263,35.742934],[13182351635,139.230213,35.742886],[9510875238,139.230163,35.742837],[291420019,139.230067,35.742744],[1717271045,139.229725,35.742336]],"edges":[[1794539050,291419979],[291419979,1081080123],[1081080123,291419980],[291419980,291419981],[291419981,13183373038],[13183373038,291419982],[291419982,1081080016],[1081080016,291419995],[291419995,1081079191],[1081079191,11999839066],[11999839066,13182351635],[13182351635,9510875238],[9510875238,291420019],[291420019,1717271045]]}