{"originLng":139.143625,"originLat":35.572506,"cellSizeDeg":0.01,"region":{"s":35.572506,"w":139.143625,"n":35.737232,"e":139.399222},"cells":["0_1","0_0","1_0","1_1","2_1","0_2","2_2","2_0","1_2","-1_1","-1_2","-1_0","3_1","4_2","4_3","1_3","3_0","4_0","0_3","3_2","4_1","1_-1","4_-1","-1_3","2_-2","2_-1","0_-1","7_2","7_3","8_1","8_2","9_2","10_2","10_1","7_1","6_1","5_2","6_2","5_3","8_0","6_3","5_1","7_0","7_-1","8_-1","5_0","6_0","6_-1","8_3","5_-1","11_1","11_0","9_1","12_1","11_2","12_2","13_2","11_3","12_3","10_3","9_3","10_0","12_0","9_0","11_-1","12_-1","10_-1","13_1","11_4","16_2","17_2","16_1","15_1","15_2","16_3","14_2","13_3","15_3","17_3","17_1","16_0","17_0","14_1","13_0","15_0","13_-1","14_3","14_0","14_-1","15_-1","16_-1","17_-1","19_0","18_0","19_1","20_3","21_3","21_2","20_2","18_1","20_1","19_2","20_0","21_1","19_-1","18_3","18_2","19_3","21_-1","21_0","22_1","22_2","18_-1","22_0","22_-1","20_-1","22_3","21_-2","24_2","23_2","24_3","24_4","23_4","23_0","23_-1","23_3","25_-1","25_0","25_1","24_1","24_0","24_-1","23_1","25_2","26_1","25_3","1_4","0_4","2_3","3_3","2_5","2_4","3_4","0_5","3_6","3_5","4_4","1_6","0_6","-1_5","2_6","4_5","1_5","4_6","5_6","-1_6","-1_4","5_4","7_4","5_5","6_5","6_6","7_6","7_5","8_5","8_4","9_5","7_7","6_4","4_7","5_7","9_6","11_6","12_6","12_5","11_5","10_5","10_4","9_4","12_4","10_6","13_6","14_4","13_4","13_5","14_6","15_6","16_6","15_4","17_6","16_5","17_5","18_6","14_5","15_5","16_4","16_7","17_4","20_4","19_4","21_4","21_5","20_5","19_5","19_6","18_5","18_4","21_6","20_6","18_7","22_5","22_4","19_7","20_7","24_5","24_6","23_6","22_6","25_4","25_5","23_5","26_5","26_6","25_6","0_9","-1_9","0_10","2_8","2_9","1_9","3_10","2_10","2_7","3_7","5_9","4_9","0_7","1_7","1_8","0_8","-1_7","-1_8","4_8","3_9","3_8","7_9","6_9","5_8","6_8","8_10","8_9","6_7","7_8","8_8","8_7","9_7","7_10","8_6","12_9","11_9","12_8","10_9","9_9","11_7","11_8","10_7","12_7","9_8","13_10","10_8","13_9","10_10","11_10","13_8","12_10","14_7","13_7","17_8","16_8","15_7","15_8","17_7","14_9","15_9","16_9","14_8","17_9","16_10","15_10","14_10","19_8","18_8","18_9","20_8","19_9","19_10","20_9","21_9","21_7","21_8","17_10","20_10","22_9","24_7","23_8","23_7","24_9","22_7","22_8","23_9","25_7","22_10","25_8","24_8","21_10","23_10","25_9","26_9","24_10","25_10","2_11","1_12","1_13","0_11","-1_11","1_11","2_12","3_11","4_11","4_10","2_13","3_12","4_12","8_13","6_10","5_10","5_11","5_12","7_11","7_12","8_12","8_11","6_12","7_13","6_13","6_11","5_13","4_13","12_12","10_11","11_13","11_12","10_13","10_12","9_12","12_11","11_11","12_13","9_11","9_13","9_10","13_11","15_11","16_11","13_12","16_12","17_12","14_11","14_12","16_13","15_12","14_13","15_13","17_13","17_11","13_13","18_12","18_11","19_11","20_11","20_13","21_12","21_13","19_13","20_12","18_10","21_11","19_12","18_13","25_12","24_11","25_11","23_12","23_11","22_11","25_13","23_13","22_12","26_11","24_12","24_13","26_12","22_13","21_14","25_14","24_14","0_15","0_16","-1_15","0_13","1_15","0_14","1_16","1_14","2_14","0_17","1_17","3_15","2_15","2_16","3_16","3_14","4_16","4_14","5_14","5_15","3_13","-2_13","-2_12","-1_12","-1_13","4_15","-1_16","8_15","8_16","7_15","7_16","7_14","8_14","9_15","6_16","6_15","6_14","5_16","8_17","11_14","10_14","9_14","12_15","12_14","10_15","11_15","10_16","11_16","9_16","12_16","13_16","13_14","13_15","14_14","15_14","14_16","15_15","15_16","16_16","17_16","17_15","14_15","16_14","17_14","16_15","19_14","18_16","18_15","20_14","19_16","19_15","18_14","21_15","20_15","22_15","21_16","20_16","22_16","18_17","17_17","17_18","16_18","16_19","23_15","23_14","22_14","25_16","24_15","25_15","23_16","24_16","26_14","27_15","26_15","23_17"]}