{
 "format": "unit",
 "version": 1,
 "name": "unit",
 "items": [
  {
   "model": "desk",
   "x": -0.023519740174528098,
   "y": 0,
   "z": -0.11811954893600532,
   "ry": -0.007521811661858031
  },
  {
   "model": "chairDesk",
   "x": -0.023519740174528098,
   "y": 0,
   "z": 0.401300002589996,
   "ry": 0.03165431409360733
  },
  {
   "model": "books",
   "x": 0.21632715543509248,
   "y": 0.38682019181411165,
   "z": -0.16506090471798535,
   "ry": 0
  },
  {
   "model": "laptop",
   "x": -0.1692876750860363,
   "y": 0.38634067670408234,
   "z": -0.11811954893600532,
   "ry": 0
  }
 ]
}